Model,DPO2002B
Firmware Version,1.56

Point Format,Y,
Horizontal Units,S,
Horizontal Scale,0.02,
Sample Interval,6.4e-05,
Filter Frequency,7e+07,
Record Length,3124,
Gating,0.0% to 100.0%,0.0% to 100.0%
Probe Attenuation,1,1
Vertical Units,V,V
Vertical Offset,0,0
Vertical Scale,1,0.1
Label,,
TIME,CH1,CH2
-1.0060e-01,0.182813,0.0842969
-1.0054e-01,0.149219,0.079375
-1.0047e-01,0.120625,0.0766094
-1.0041e-01,0.0848438,0.0727656
-1.0034e-01,0.0525,0.0677813
-1.0028e-01,0.0260938,0.064375
-1.0022e-01,-0.00812499,0.0608281
-1.0015e-01,-0.03875,0.0567969
-1.0009e-01,-0.074375,0.0524844
-1.0002e-01,-0.0995312,0.0491094
-9.9960e-02,-0.1225,0.0449688
-9.9896e-02,-0.15875,0.0407813
-9.9832e-02,-0.189375,0.0370469
-9.9768e-02,-0.210312,0.0297656
-9.9704e-02,-0.239375,0.0269688
-9.9640e-02,-0.274219,0.0224063
-9.9576e-02,-0.302031,0.0187344
-9.9512e-02,-0.326875,0.0145469
-9.9448e-02,-0.356719,0.0104844
-9.9384e-02,-0.388594,0.0070625
-9.9320e-02,-0.401094,0.002875
-9.9256e-02,-0.432031,-0.00028125
-9.9192e-02,-0.448594,-0.0059375
-9.9128e-02,-0.47875,-0.00934375
-9.9064e-02,-0.506094,-0.0125781
-9.9000e-02,-0.523281,-0.0178281
-9.8936e-02,-0.551719,-0.0236563
-9.8872e-02,-0.57125,-0.0264531
-9.8808e-02,-0.60375,-0.031125
-9.8744e-02,-0.632656,-0.0363594
-9.8680e-02,-0.647344,-0.0396406
-9.8616e-02,-0.675,-0.0442969
-9.8552e-02,-0.694687,-0.047875
-9.8488e-02,-0.730156,-0.0519531
-9.8424e-02,-0.761719,-0.0560938
-9.8360e-02,-0.774531,-0.0595
-9.8296e-02,-0.79875,-0.0626875
-9.8232e-02,-0.826875,-0.0674688
-9.8168e-02,-0.847656,-0.0724688
-9.8104e-02,-0.876406,-0.0756875
-9.8040e-02,-0.90875,-0.0796406
-9.7976e-02,-0.92625,-0.08375
-9.7912e-02,-0.951562,-0.0883281
-9.7848e-02,-0.970937,-0.0909688
-9.7784e-02,-0.99875,-0.0953906
-9.7720e-02,-1.02516,-0.1
-9.7656e-02,-1.04953,-0.102609
-9.7592e-02,-1.07203,-0.106328
-9.7528e-02,-1.09828,-0.1105
-9.7464e-02,-1.11875,-0.114188
-9.7400e-02,-1.14953,-0.116766
-9.7336e-02,-1.17281,-0.122719
-9.7272e-02,-1.20062,-0.124078
-9.7208e-02,-1.22937,-0.129281
-9.7144e-02,-1.25641,-0.131813
-9.7080e-02,-1.28797,-0.135859
-9.7016e-02,-1.31375,-0.140766
-9.6952e-02,-1.34953,-0.142922
-9.6888e-02,-1.37781,-0.146234
-9.6824e-02,-1.40156,-0.149422
-9.6760e-02,-1.43703,-0.153
-9.6696e-02,-1.47125,-0.156563
-9.6632e-02,-1.49609,-0.159391
-9.6568e-02,-1.52078,-0.162688
-9.6504e-02,-1.55172,-0.165859
-9.6440e-02,-1.57922,-0.168422
-9.6376e-02,-1.60547,-0.171563
-9.6312e-02,-1.63781,-0.173406
-9.6248e-02,-1.68109,-0.177172
-9.6184e-02,-1.71875,-0.178688
-9.6120e-02,-1.75141,-0.182438
-9.6056e-02,-1.79297,-0.182734
-9.5992e-02,-1.83562,-0.184719
-9.5928e-02,-1.86937,-0.186875
-9.5864e-02,-1.91,-0.191078
-9.5800e-02,-1.95875,-0.192625
-9.5736e-02,-1.99969,-0.194969
-9.5672e-02,-2.04594,-0.196234
-9.5608e-02,-2.09125,-0.198359
-9.5544e-02,-2.12812,-0.200406
-9.5480e-02,-2.17109,-0.20175
-9.5416e-02,-2.22406,-0.203422
-9.5352e-02,-2.26828,-0.205203
-9.5288e-02,-2.31609,-0.205266
-9.5224e-02,-2.35875,-0.206766
-9.5160e-02,-2.40219,-0.208359
-9.5096e-02,-2.44797,-0.210063
-9.5032e-02,-2.49078,-0.209703
-9.4968e-02,-2.54594,-0.211016
-9.4904e-02,-2.5975,-0.211031
-9.4840e-02,-2.63594,-0.212234
-9.4776e-02,-2.68016,-0.213375
-9.4712e-02,-2.71016,-0.212094
-9.4648e-02,-2.74391,-0.211656
-9.4584e-02,-2.77172,-0.211875
-9.4520e-02,-2.8025,-0.213125
-9.4456e-02,-2.82359,-0.212797
-9.4392e-02,-2.83875,-0.213844
-9.4328e-02,-2.84484,-0.210547
-9.4264e-02,-2.85469,-0.210594
-9.4200e-02,-2.85828,-0.212094
-9.4136e-02,-2.85812,-0.211641
-9.4072e-02,-2.83953,-0.21
-9.4008e-02,-2.81875,-0.209078
-9.3944e-02,-2.79906,-0.207453
-9.3880e-02,-2.76,-0.208
-9.3816e-02,-2.72812,-0.206406
-9.3752e-02,-2.68344,-0.205031
-9.3688e-02,-2.64203,-0.203438
-9.3624e-02,-2.59781,-0.203531
-9.3560e-02,-2.53672,-0.201594
-9.3496e-02,-2.48422,-0.202109
-9.3432e-02,-2.4275,-0.199
-9.3368e-02,-2.36516,-0.197328
-9.3304e-02,-2.31422,-0.197953
-9.3240e-02,-2.25125,-0.195422
-9.3176e-02,-2.18719,-0.193
-9.3112e-02,-2.11937,-0.191172
-9.3048e-02,-2.05344,-0.190234
-9.2984e-02,-1.98859,-0.188328
-9.2920e-02,-1.92297,-0.186094
-9.2856e-02,-1.85062,-0.185156
-9.2792e-02,-1.78656,-0.182484
-9.2728e-02,-1.72078,-0.180594
-9.2664e-02,-1.65828,-0.178438
-9.2600e-02,-1.59766,-0.177313
-9.2536e-02,-1.53625,-0.175406
-9.2472e-02,-1.48109,-0.173281
-9.2408e-02,-1.43031,-0.171172
-9.2344e-02,-1.37672,-0.167906
-9.2280e-02,-1.32016,-0.165953
-9.2216e-02,-1.26922,-0.163813
-9.2152e-02,-1.20547,-0.161094
-9.2088e-02,-1.16109,-0.158797
-9.2024e-02,-1.11516,-0.157672
-9.1960e-02,-1.06766,-0.152469
-9.1896e-02,-1.01203,-0.151234
-9.1832e-02,-0.971719,-0.148578
-9.1768e-02,-0.934844,-0.146031
-9.1704e-02,-0.889062,-0.143
-9.1640e-02,-0.841094,-0.139656
-9.1576e-02,-0.796875,-0.137734
-9.1512e-02,-0.752656,-0.133391
-9.1448e-02,-0.706719,-0.130828
-9.1384e-02,-0.654219,-0.128266
-9.1320e-02,-0.6225,-0.123641
-9.1256e-02,-0.586094,-0.119672
-9.1192e-02,-0.543437,-0.11775
-9.1128e-02,-0.497969,-0.115
-9.1064e-02,-0.467656,-0.110594
-9.1000e-02,-0.435156,-0.106594
-9.0936e-02,-0.401094,-0.104375
-9.0872e-02,-0.367656,-0.100969
-9.0808e-02,-0.330156,-0.0969531
-9.0744e-02,-0.305312,-0.093375
-9.0680e-02,-0.260781,-0.0904844
-9.0616e-02,-0.234531,-0.0852813
-9.0552e-02,-0.19875,-0.0822969
-9.0488e-02,-0.163125,-0.0766406
-9.0424e-02,-0.129687,-0.0736406
-9.0360e-02,-0.104375,-0.0698906
-9.0296e-02,-0.0746875,-0.0674531
-9.0232e-02,-0.0409375,-0.06175
-9.0168e-02,-0.00703124,-0.0599375
-9.0104e-02,0.0220313,-0.0552188
-9.0040e-02,0.0545313,-0.0517813
-8.9976e-02,0.0829688,-0.0475469
-8.9912e-02,0.109688,-0.0443281
-8.9848e-02,0.132344,-0.0395
-8.9784e-02,0.163125,-0.0344844
-8.9720e-02,0.1975,-0.02975
-8.9656e-02,0.22875,-0.0269844
-8.9592e-02,0.245313,-0.0213125
-8.9528e-02,0.28125,-0.0172344
-8.9464e-02,0.305156,-0.0113594
-8.9400e-02,0.33,-0.00842188
-8.9336e-02,0.364063,-0.00521875
-8.9272e-02,0.397969,-0.000671875
-8.9208e-02,0.417813,0.00473437
-8.9144e-02,0.440938,0.0074375
-8.9080e-02,0.476094,0.0127813
-8.9016e-02,0.499219,0.0154531
-8.8952e-02,0.52125,0.0209375
-8.8888e-02,0.552031,0.0229531
-8.8824e-02,0.569375,0.0288281
-8.8760e-02,0.595625,0.0329219
-8.8696e-02,0.621094,0.0371094
-8.8632e-02,0.649844,0.0410469
-8.8568e-02,0.677188,0.046125
-8.8504e-02,0.695938,0.05
-8.8440e-02,0.72125,0.0534219
-8.8376e-02,0.747969,0.0576875
-8.8312e-02,0.76375,0.0620625
-8.8248e-02,0.790469,0.0659688
-8.8184e-02,0.813906,0.0694844
-8.8120e-02,0.838906,0.0729688
-8.8056e-02,0.874844,0.0777656
-8.7992e-02,0.895156,0.0826875
-8.7928e-02,0.919688,0.0860938
-8.7864e-02,0.935781,0.0892969
-8.7800e-02,0.970313,0.0939844
-8.7736e-02,0.99625,0.09825
-8.7672e-02,1.02125,0.0999688
-8.7608e-02,1.04094,0.105297
-8.7544e-02,1.06891,0.106797
-8.7480e-02,1.09016,0.111688
-8.7416e-02,1.11828,0.115016
-8.7352e-02,1.15141,0.118844
-8.7288e-02,1.17922,0.121563
-8.7224e-02,1.19891,0.127656
-8.7160e-02,1.23328,0.129672
-8.7096e-02,1.25359,0.132828
-8.7032e-02,1.28484,0.136969
-8.6968e-02,1.31813,0.140328
-8.6904e-02,1.35594,0.142891
-8.6840e-02,1.37547,0.147422
-8.6776e-02,1.41156,0.149359
-8.6712e-02,1.44422,0.153625
-8.6648e-02,1.47906,0.156969
-8.6584e-02,1.50094,0.159484
-8.6520e-02,1.53766,0.163734
-8.6456e-02,1.56547,0.166266
-8.6392e-02,1.60156,0.16875
-8.6328e-02,1.63484,0.172078
-8.6264e-02,1.66797,0.175172
-8.6200e-02,1.69703,0.176984
-8.6136e-02,1.73719,0.179656
-8.6072e-02,1.76281,0.183203
-8.6008e-02,1.80125,0.184
-8.5944e-02,1.83672,0.187406
-8.5880e-02,1.87813,0.188656
-8.5816e-02,1.91891,0.190938
-8.5752e-02,1.96141,0.193641
-8.5688e-02,2.00484,0.195656
-8.5624e-02,2.05234,0.197
-8.5560e-02,2.10125,0.199313
-8.5496e-02,2.15203,0.200906
-8.5432e-02,2.20063,0.203281
-8.5368e-02,2.24625,0.203906
-8.5304e-02,2.28672,0.204984
-8.5240e-02,2.33984,0.207
-8.5176e-02,2.38453,0.207922
-8.5112e-02,2.43328,0.209547
-8.5048e-02,2.48125,0.208313
-8.4984e-02,2.52781,0.210953
-8.4920e-02,2.56781,0.210484
-8.4856e-02,2.60797,0.210047
-8.4792e-02,2.65328,0.212594
-8.4728e-02,2.69063,0.211172
-8.4664e-02,2.72266,0.212141
-8.4600e-02,2.76031,0.212375
-8.4536e-02,2.785,0.211891
-8.4472e-02,2.80594,0.212234
-8.4408e-02,2.82672,0.210891
-8.4344e-02,2.84516,0.2115
-8.4280e-02,2.84406,0.210813
-8.4216e-02,2.85406,0.212047
-8.4152e-02,2.84969,0.208813
-8.4088e-02,2.8425,0.209234
-8.4024e-02,2.82359,0.208328
-8.3960e-02,2.80266,0.208391
-8.3896e-02,2.77297,0.209141
-8.3832e-02,2.73953,0.207141
-8.3768e-02,2.68922,0.204297
-8.3704e-02,2.64703,0.204375
-8.3640e-02,2.59859,0.201969
-8.3576e-02,2.56313,0.201391
-8.3512e-02,2.49969,0.200594
-8.3448e-02,2.44906,0.198484
-8.3384e-02,2.38453,0.197625
-8.3320e-02,2.32172,0.197656
-8.3256e-02,2.26219,0.196031
-8.3192e-02,2.20406,0.193078
-8.3128e-02,2.12891,0.191234
-8.3064e-02,2.06109,0.189031
-8.3000e-02,1.98016,0.188953
-8.2936e-02,1.92125,0.187922
-8.2872e-02,1.85063,0.184766
-8.2808e-02,1.79672,0.181688
-8.2744e-02,1.73219,0.181391
-8.2680e-02,1.67109,0.177391
-8.2616e-02,1.60922,0.176469
-8.2552e-02,1.55672,0.175391
-8.2488e-02,1.49438,0.172688
-8.2424e-02,1.43875,0.170281
-8.2360e-02,1.3775,0.168125
-8.2296e-02,1.32125,0.166172
-8.2232e-02,1.26469,0.164688
-8.2168e-02,1.21063,0.161203
-8.2104e-02,1.16219,0.158672
-8.2040e-02,1.10906,0.157172
-8.1976e-02,1.05578,0.152844
-8.1912e-02,1.01281,0.150188
-8.1848e-02,0.965625,0.147
-8.1784e-02,0.916719,0.145047
-8.1720e-02,0.875,0.141313
-8.1656e-02,0.830625,0.138828
-8.1592e-02,0.784219,0.135422
-8.1528e-02,0.736719,0.133125
-8.1464e-02,0.69625,0.129
-8.1400e-02,0.665313,0.125656
-8.1336e-02,0.612656,0.124563
-8.1272e-02,0.57,0.119734
-8.1208e-02,0.531875,0.117563
-8.1144e-02,0.487344,0.112484
-8.1080e-02,0.449531,0.109484
-8.1016e-02,0.407969,0.107609
-8.0952e-02,0.38,0.104313
-8.0888e-02,0.345781,0.100672
-8.0824e-02,0.302344,0.0977813
-8.0760e-02,0.27625,0.093
-8.0696e-02,0.239063,0.0902031
-8.0632e-02,0.203438,0.0848125
-8.0568e-02,0.165313,0.0815313
-8.0504e-02,0.135313,0.0787813
-8.0440e-02,0.110156,0.0755938
-8.0376e-02,0.0764063,0.0719375
-8.0312e-02,0.0403125,0.0670469
-8.0248e-02,0.0142188,0.0628906
-8.0184e-02,-0.0165625,0.059125
-8.0120e-02,-0.0485937,0.0556094
-8.0056e-02,-0.0845312,0.0499688
-7.9992e-02,-0.114375,0.0467031
-7.9928e-02,-0.13375,0.0422344
-7.9864e-02,-0.165625,0.0392031
-7.9800e-02,-0.195937,0.0350781
-7.9736e-02,-0.2275,0.0303906
-7.9672e-02,-0.251094,0.0264844
-7.9608e-02,-0.279687,0.0216094
-7.9544e-02,-0.313281,0.01775
-7.9480e-02,-0.339687,0.0144375
-7.9416e-02,-0.359219,0.00959375
-7.9352e-02,-0.39,0.00545312
-7.9288e-02,-0.410937,0.00021875
-7.9224e-02,-0.437344,-0.00317188
-7.9160e-02,-0.456406,-0.00790625
-7.9096e-02,-0.481094,-0.0107969
-7.9032e-02,-0.508906,-0.0163125
-7.8968e-02,-0.530469,-0.01925
-7.8904e-02,-0.56125,-0.0240156
-7.8840e-02,-0.586875,-0.029
-7.8776e-02,-0.61,-0.0344375
-7.8712e-02,-0.638594,-0.0384063
-7.8648e-02,-0.655937,-0.0417656
-7.8584e-02,-0.687969,-0.0448906
-7.8520e-02,-0.710469,-0.0492656
-7.8456e-02,-0.740937,-0.0530781
-7.8392e-02,-0.75875,-0.0578125
-7.8328e-02,-0.7875,-0.0612656
-7.8264e-02,-0.813594,-0.0654063
-7.8200e-02,-0.837187,-0.0680625
-7.8136e-02,-0.864219,-0.0742344
-7.8072e-02,-0.884844,-0.0761406
-7.8008e-02,-0.912656,-0.0818281
-7.7944e-02,-0.932344,-0.0852656
-7.7880e-02,-0.95875,-0.0887031
-7.7816e-02,-0.98,-0.0934531
-7.7752e-02,-1.00828,-0.0972813
-7.7688e-02,-1.03469,-0.101047
-7.7624e-02,-1.05609,-0.104219
-7.7560e-02,-1.08375,-0.107625
-7.7496e-02,-1.11172,-0.111906
-7.7432e-02,-1.12516,-0.115469
-7.7368e-02,-1.15844,-0.118625
-7.7304e-02,-1.18937,-0.122563
-7.7240e-02,-1.21344,-0.126531
-7.7176e-02,-1.23828,-0.129688
-7.7112e-02,-1.27125,-0.133078
-7.7048e-02,-1.29391,-0.137078
-7.6984e-02,-1.32484,-0.140281
-7.6920e-02,-1.35719,-0.144766
-7.6856e-02,-1.38937,-0.147297
-7.6792e-02,-1.42141,-0.151953
-7.6728e-02,-1.44875,-0.154813
-7.6664e-02,-1.47875,-0.157922
-7.6600e-02,-1.50891,-0.162016
-7.6536e-02,-1.52609,-0.163984
-7.6472e-02,-1.55922,-0.166922
-7.6408e-02,-1.59766,-0.169563
-7.6344e-02,-1.62047,-0.1735
-7.6280e-02,-1.66062,-0.175469
-7.6216e-02,-1.69047,-0.177219
-7.6152e-02,-1.73,-0.179891
-7.6088e-02,-1.76219,-0.18225
-7.6024e-02,-1.80797,-0.184109
-7.5960e-02,-1.84609,-0.187047
-7.5896e-02,-1.88922,-0.188156
-7.5832e-02,-1.93375,-0.191156
-7.5768e-02,-1.97594,-0.191859
-7.5704e-02,-2.015,-0.195313
-7.5640e-02,-2.0625,-0.197047
-7.5576e-02,-2.10984,-0.198922
-7.5512e-02,-2.14859,-0.201422
-7.5448e-02,-2.19219,-0.202594
-7.5384e-02,-2.23797,-0.204609
-7.5320e-02,-2.27875,-0.204984
-7.5256e-02,-2.32453,-0.206047
-7.5192e-02,-2.36937,-0.208578
-7.5128e-02,-2.41875,-0.209297
-7.5064e-02,-2.47094,-0.208922
-7.5000e-02,-2.51578,-0.208766
-7.4936e-02,-2.56344,-0.210125
-7.4872e-02,-2.60641,-0.210703
-7.4808e-02,-2.65344,-0.212281
-7.4744e-02,-2.69094,-0.212375
-7.4680e-02,-2.72359,-0.212031
-7.4616e-02,-2.75906,-0.213391
-7.4552e-02,-2.78828,-0.211734
-7.4488e-02,-2.81109,-0.211641
-7.4424e-02,-2.82812,-0.211469
-7.4360e-02,-2.84547,-0.212172
-7.4296e-02,-2.85578,-0.212344
-7.4232e-02,-2.84719,-0.211375
-7.4168e-02,-2.86031,-0.210172
-7.4104e-02,-2.84547,-0.209797
-7.4040e-02,-2.83969,-0.210469
-7.3976e-02,-2.81422,-0.207938
-7.3912e-02,-2.79422,-0.208141
-7.3848e-02,-2.75594,-0.207406
-7.3784e-02,-2.71781,-0.205031
-7.3720e-02,-2.67516,-0.206516
-7.3656e-02,-2.62547,-0.2055
-7.3592e-02,-2.57547,-0.203766
-7.3528e-02,-2.51437,-0.203734
-7.3464e-02,-2.46016,-0.197703
-7.3400e-02,-2.40578,-0.197656
-7.3336e-02,-2.34547,-0.196297
-7.3272e-02,-2.28781,-0.196359
-7.3208e-02,-2.22219,-0.193953
-7.3144e-02,-2.15875,-0.19225
-7.3080e-02,-2.09969,-0.190594
-7.3016e-02,-2.03875,-0.189578
-7.2952e-02,-1.95937,-0.188375
-7.2888e-02,-1.89625,-0.185453
-7.2824e-02,-1.83406,-0.183469
-7.2760e-02,-1.75875,-0.181656
-7.2696e-02,-1.69641,-0.180859
-7.2632e-02,-1.63359,-0.177625
-7.2568e-02,-1.57297,-0.176375
-7.2504e-02,-1.51797,-0.175031
-7.2440e-02,-1.46453,-0.172453
-7.2376e-02,-1.40578,-0.170469
-7.2312e-02,-1.35375,-0.165281
-7.2248e-02,-1.29781,-0.165906
-7.2184e-02,-1.24234,-0.163328
-7.2120e-02,-1.19484,-0.159875
-7.2056e-02,-1.13625,-0.157172
-7.1992e-02,-1.09781,-0.155531
-7.1928e-02,-1.05219,-0.153328
-7.1864e-02,-1.00344,-0.150516
-7.1800e-02,-0.959687,-0.146891
-7.1736e-02,-0.914375,-0.145469
-7.1672e-02,-0.866875,-0.141125
-7.1608e-02,-0.820937,-0.139969
-7.1544e-02,-0.775469,-0.136188
-7.1480e-02,-0.737812,-0.133703
-7.1416e-02,-0.689687,-0.129422
-7.1352e-02,-0.645469,-0.126453
-7.1288e-02,-0.605156,-0.122531
-7.1224e-02,-0.563437,-0.119313
-7.1160e-02,-0.522656,-0.115906
-7.1096e-02,-0.4825,-0.112828
-7.1032e-02,-0.449219,-0.109625
-7.0968e-02,-0.419531,-0.107172
-7.0904e-02,-0.389844,-0.102328
-7.0840e-02,-0.356094,-0.100375
-7.0776e-02,-0.321094,-0.0959531
-7.0712e-02,-0.283906,-0.0914375
-7.0648e-02,-0.250781,-0.0879531
-7.0584e-02,-0.217031,-0.0845156
-7.0520e-02,-0.190937,-0.0812813
-7.0456e-02,-0.154531,-0.076125
-7.0392e-02,-0.11875,-0.0724375
-7.0328e-02,-0.0848437,-0.0688594
-7.0264e-02,-0.0582812,-0.0653594
-7.0200e-02,-0.026875,-0.0607188
-7.0136e-02,-0.00203124,-0.0561406
-7.0072e-02,0.0376563,-0.0531875
-7.0008e-02,0.0626563,-0.0499219
-6.9944e-02,0.0853125,-0.0449219
-6.9880e-02,0.117656,-0.0417969
-6.9816e-02,0.155,-0.0370469
-6.9752e-02,0.174844,-0.0324531
-6.9688e-02,0.203594,-0.0276406
-6.9624e-02,0.23625,-0.0256875
-6.9560e-02,0.262344,-0.0194063
-6.9496e-02,0.284219,-0.0162969
-6.9432e-02,0.316094,-0.0109531
-6.9368e-02,0.348281,-0.00670313
-6.9304e-02,0.372656,-0.0020625
-6.9240e-02,0.403438,-9.37501e-05
-6.9176e-02,0.434063,0.00665625
-6.9112e-02,0.448594,0.0105781
-6.9048e-02,0.476406,0.0133438
-6.8984e-02,0.5025,0.0190781
-6.8920e-02,0.526875,0.0213594
-6.8856e-02,0.5625,0.02575
-6.8792e-02,0.588281,0.0291406
-6.8728e-02,0.603594,0.0338906
-6.8664e-02,0.634219,0.0387188
-6.8600e-02,0.657813,0.0439844
-6.8536e-02,0.685,0.0474063
-6.8472e-02,0.712031,0.0499375
-6.8408e-02,0.725781,0.0544688
-6.8344e-02,0.76125,0.0589688
-6.8280e-02,0.778125,0.0625
-6.8216e-02,0.80125,0.0660469
-6.8152e-02,0.832656,0.0711719
-6.8088e-02,0.849063,0.0753125
-6.8024e-02,0.88125,0.0791094
-6.7960e-02,0.904219,0.0827969
-6.7896e-02,0.924844,0.0872813
-6.7832e-02,0.950469,0.0913906
-6.7768e-02,0.97375,0.09525
-6.7704e-02,1.00375,0.0983438
-6.7640e-02,1.02797,0.103219
-6.7576e-02,1.05453,0.105891
-6.7512e-02,1.07891,0.109563
-6.7448e-02,1.10953,0.112531
-6.7384e-02,1.13625,0.115234
-6.7320e-02,1.15766,0.119875
-6.7256e-02,1.19,0.123328
-6.7192e-02,1.20438,0.126797
-6.7128e-02,1.24125,0.131531
-6.7064e-02,1.27234,0.134219
-6.7000e-02,1.29719,0.138266
-6.6936e-02,1.33375,0.140656
-6.6872e-02,1.36125,0.144094
-6.6808e-02,1.39891,0.148469
-6.6744e-02,1.43297,0.152031
-6.6680e-02,1.45484,0.156531
-6.6616e-02,1.49094,0.157766
-6.6552e-02,1.51188,0.162016
-6.6488e-02,1.54359,0.165453
-6.6424e-02,1.57734,0.167734
-6.6360e-02,1.61703,0.170734
-6.6296e-02,1.64297,0.172125
-6.6232e-02,1.67938,0.175469
-6.6168e-02,1.7175,0.178406
-6.6104e-02,1.75344,0.181781
-6.6040e-02,1.78141,0.183734
-6.5976e-02,1.81734,0.186016
-6.5912e-02,1.85625,0.188203
-6.5848e-02,1.89172,0.190859
-6.5784e-02,1.93172,0.192078
-6.5720e-02,1.97266,0.194328
-6.5656e-02,2.03,0.195547
-6.5592e-02,2.07266,0.196953
-6.5528e-02,2.11734,0.200266
-6.5464e-02,2.16234,0.201688
-6.5400e-02,2.21688,0.204141
-6.5336e-02,2.26281,0.203422
-6.5272e-02,2.30844,0.205203
-6.5208e-02,2.35609,0.208156
-6.5144e-02,2.40375,0.208375
-6.5080e-02,2.45,0.2075
-6.5016e-02,2.49594,0.208141
-6.4952e-02,2.54953,0.21075
-6.4888e-02,2.58938,0.210734
-6.4824e-02,2.63469,0.213
-6.4760e-02,2.67281,0.210969
-6.4696e-02,2.70641,0.214078
-6.4632e-02,2.7425,0.212531
-6.4568e-02,2.76797,0.214547
-6.4504e-02,2.79734,0.213469
-6.4440e-02,2.815,0.210891
-6.4376e-02,2.83469,0.212734
-6.4312e-02,2.84953,0.211297
-6.4248e-02,2.85188,0.210938
-6.4184e-02,2.85125,0.212813
-6.4120e-02,2.84469,0.209906
-6.4056e-02,2.8325,0.209219
-6.3992e-02,2.81375,0.208344
-6.3928e-02,2.79109,0.207172
-6.3864e-02,2.76172,0.206047
-6.3800e-02,2.71891,0.206422
-6.3736e-02,2.68359,0.204109
-6.3672e-02,2.63016,0.204469
-6.3608e-02,2.5875,0.203156
-6.3544e-02,2.53094,0.200859
-6.3480e-02,2.48328,0.200516
-6.3416e-02,2.425,0.199688
-6.3352e-02,2.36609,0.199031
-6.3288e-02,2.30313,0.196109
-6.3224e-02,2.24125,0.194031
-6.3160e-02,2.17094,0.192469
-6.3096e-02,2.09734,0.192313
-6.3032e-02,2.02828,0.190203
-6.2968e-02,1.96125,0.186906
-6.2904e-02,1.89188,0.186047
-6.2840e-02,1.835,0.184609
-6.2776e-02,1.76469,0.182469
-6.2712e-02,1.71359,0.179734
-6.2648e-02,1.64875,0.180297
-6.2584e-02,1.5875,0.176031
-6.2520e-02,1.52359,0.174688
-6.2456e-02,1.46938,0.171688
-6.2392e-02,1.40781,0.169781
-6.2328e-02,1.35641,0.167438
-6.2264e-02,1.30469,0.164328
-6.2200e-02,1.24828,0.163172
-6.2136e-02,1.19594,0.159922
-6.2072e-02,1.14156,0.157563
-6.2008e-02,1.08609,0.155438
-6.1944e-02,1.04203,0.152563
-6.1880e-02,0.9975,0.150016
-6.1816e-02,0.950156,0.147359
-6.1752e-02,0.904844,0.143531
-6.1688e-02,0.854219,0.141469
-6.1624e-02,0.810313,0.138172
-6.1560e-02,0.76125,0.136125
-6.1496e-02,0.720938,0.131375
-6.1432e-02,0.680625,0.129516
-6.1368e-02,0.638906,0.126578
-6.1304e-02,0.597813,0.122797
-6.1240e-02,0.555313,0.118938
-6.1176e-02,0.515469,0.117031
-6.1112e-02,0.478906,0.112797
-6.1048e-02,0.44125,0.110125
-6.0984e-02,0.398281,0.107031
-6.0920e-02,0.365938,0.10175
-6.0856e-02,0.326094,0.100563
-6.0792e-02,0.285469,0.0954219
-6.0728e-02,0.253438,0.0930938
-6.0664e-02,0.227031,0.0889219
-6.0600e-02,0.192031,0.0850625
-6.0536e-02,0.160938,0.0810313
-6.0472e-02,0.123281,0.0763281
-6.0408e-02,0.0890625,0.0739531
-6.0344e-02,0.0679688,0.0681406
-6.0280e-02,0.0335938,0.0662969
-6.0216e-02,0.000312507,0.06125
-6.0152e-02,-0.035625,0.0584844
-6.0088e-02,-0.0695312,0.0536094
-6.0024e-02,-0.0904687,0.0495938
-5.9960e-02,-0.121094,0.0454531
-5.9896e-02,-0.154844,0.0421094
-5.9832e-02,-0.183125,0.0375313
-5.9768e-02,-0.205625,0.0326094
-5.9704e-02,-0.23875,0.0279063
-5.9640e-02,-0.270312,0.0242813
-5.9576e-02,-0.294375,0.0204375
-5.9512e-02,-0.31875,0.0149219
-5.9448e-02,-0.34875,0.0112344
-5.9384e-02,-0.36125,0.00748437
-5.9320e-02,-0.396562,0.0055
-5.9256e-02,-0.425,-0.0003125
-5.9192e-02,-0.445,-0.00523438
-5.9128e-02,-0.477031,-0.00882813
-5.9064e-02,-0.492031,-0.0134063
-5.9000e-02,-0.521094,-0.0182656
-5.8936e-02,-0.548906,-0.0218906
-5.8872e-02,-0.568594,-0.0254531
-5.8808e-02,-0.596875,-0.0297344
-5.8744e-02,-0.619687,-0.0351875
-5.8680e-02,-0.637656,-0.039875
-5.8616e-02,-0.669062,-0.0427656
-5.8552e-02,-0.692031,-0.0486406
-5.8488e-02,-0.71625,-0.0515156
-5.8424e-02,-0.750469,-0.0557188
-5.8360e-02,-0.770156,-0.0577813
-5.8296e-02,-0.796875,-0.0615156
-5.8232e-02,-0.825625,-0.0663438
-5.8168e-02,-0.84875,-0.0706563
-5.8104e-02,-0.874062,-0.0750469
-5.8040e-02,-0.897969,-0.079
-5.7976e-02,-0.92125,-0.0819219
-5.7912e-02,-0.950469,-0.08625
-5.7848e-02,-0.964844,-0.0901406
-5.7784e-02,-0.994062,-0.0937031
-5.7720e-02,-1.01047,-0.0975938
-5.7656e-02,-1.04109,-0.101844
-5.7592e-02,-1.06641,-0.105219
-5.7528e-02,-1.08937,-0.109313
-5.7464e-02,-1.11312,-0.112719
-5.7400e-02,-1.13766,-0.117438
-5.7336e-02,-1.16109,-0.120578
-5.7272e-02,-1.19406,-0.123656
-5.7208e-02,-1.21875,-0.128344
-5.7144e-02,-1.24859,-0.132531
-5.7080e-02,-1.28109,-0.135672
-5.7016e-02,-1.31078,-0.138875
-5.6952e-02,-1.34172,-0.143469
-5.6888e-02,-1.37469,-0.145516
-5.6824e-02,-1.39875,-0.150781
-5.6760e-02,-1.43187,-0.152703
-5.6696e-02,-1.46219,-0.156422
-5.6632e-02,-1.48609,-0.159938
-5.6568e-02,-1.51891,-0.162344
-5.6504e-02,-1.54328,-0.165438
-5.6440e-02,-1.56859,-0.169453
-5.6376e-02,-1.60484,-0.170469
-5.6312e-02,-1.63828,-0.172766
-5.6248e-02,-1.67406,-0.175984
-5.6184e-02,-1.70953,-0.180047
-5.6120e-02,-1.74969,-0.181938
-5.6056e-02,-1.79312,-0.183875
-5.5992e-02,-1.82859,-0.185172
-5.5928e-02,-1.86156,-0.186813
-5.5864e-02,-1.90109,-0.190688
-5.5800e-02,-1.94562,-0.191172
-5.5736e-02,-1.99312,-0.193656
-5.5672e-02,-2.03219,-0.196813
-5.5608e-02,-2.07734,-0.198313
-5.5544e-02,-2.11625,-0.199438
-5.5480e-02,-2.16234,-0.201531
-5.5416e-02,-2.20531,-0.203109
-5.5352e-02,-2.25234,-0.203656
-5.5288e-02,-2.30031,-0.204828
-5.5224e-02,-2.34906,-0.204453
-5.5160e-02,-2.39234,-0.207641
-5.5096e-02,-2.44109,-0.211406
-5.5032e-02,-2.48516,-0.2095
-5.4968e-02,-2.53453,-0.209922
-5.4904e-02,-2.59437,-0.211594
-5.4840e-02,-2.63125,-0.212063
-5.4776e-02,-2.67094,-0.212031
-5.4712e-02,-2.70219,-0.213906
-5.4648e-02,-2.73922,-0.212469
-5.4584e-02,-2.76391,-0.2125
-5.4520e-02,-2.79531,-0.212078
-5.4456e-02,-2.81562,-0.212094
-5.4392e-02,-2.83672,-0.212875
-5.4328e-02,-2.84906,-0.212109
-5.4264e-02,-2.85484,-0.212813
-5.4200e-02,-2.85391,-0.213109
-5.4136e-02,-2.85297,-0.210766
-5.4072e-02,-2.84547,-0.21025
-5.4008e-02,-2.82875,-0.209234
-5.3944e-02,-2.80469,-0.209031
-5.3880e-02,-2.76891,-0.208438
-5.3816e-02,-2.73391,-0.20675
-5.3752e-02,-2.69734,-0.206766
-5.3688e-02,-2.65031,-0.204516
-5.3624e-02,-2.60656,-0.201734
-5.3560e-02,-2.54703,-0.203219
-5.3496e-02,-2.49078,-0.202297
-5.3432e-02,-2.44125,-0.20025
-5.3368e-02,-2.38125,-0.199266
-5.3304e-02,-2.32281,-0.197
-5.3240e-02,-2.25984,-0.194875
-5.3176e-02,-2.19891,-0.193672
-5.3112e-02,-2.13703,-0.191016
-5.3048e-02,-2.07312,-0.189234
-5.2984e-02,-2.00281,-0.188141
-5.2920e-02,-1.93562,-0.188094
-5.2856e-02,-1.86625,-0.185031
-5.2792e-02,-1.80109,-0.182391
-5.2728e-02,-1.73547,-0.181469
-5.2664e-02,-1.66937,-0.178547
-5.2600e-02,-1.60281,-0.178109
-5.2536e-02,-1.54719,-0.176
-5.2472e-02,-1.49562,-0.174031
-5.2408e-02,-1.44109,-0.171891
-5.2344e-02,-1.38078,-0.168922
-5.2280e-02,-1.32812,-0.167234
-5.2216e-02,-1.27406,-0.164781
-5.2152e-02,-1.22219,-0.163125
-5.2088e-02,-1.17031,-0.160125
-5.2024e-02,-1.12109,-0.157281
-5.1960e-02,-1.07359,-0.155719
-5.1896e-02,-1.03156,-0.152531
-5.1832e-02,-0.99,-0.148656
-5.1768e-02,-0.949687,-0.146703
-5.1704e-02,-0.896406,-0.144328
-5.1640e-02,-0.849844,-0.140109
-5.1576e-02,-0.802812,-0.137109
-5.1512e-02,-0.75875,-0.135406
-5.1448e-02,-0.718281,-0.131031
-5.1384e-02,-0.673437,-0.128422
-5.1320e-02,-0.633594,-0.126641
-5.1256e-02,-0.593906,-0.12175
-5.1192e-02,-0.554062,-0.118609
-5.1128e-02,-0.502656,-0.115938
-5.1064e-02,-0.474219,-0.110813
-5.1000e-02,-0.443281,-0.108203
-5.0936e-02,-0.407187,-0.104969
-5.0872e-02,-0.368125,-0.100781
-5.0808e-02,-0.343906,-0.09825
-5.0744e-02,-0.303594,-0.0943281
-5.0680e-02,-0.273437,-0.0902188
-5.0616e-02,-0.244219,-0.08625
-5.0552e-02,-0.201094,-0.0834531
-5.0488e-02,-0.17,-0.0783594
-5.0424e-02,-0.140156,-0.0745313
-5.0360e-02,-0.1075,-0.0715938
-5.0296e-02,-0.07875,-0.068625
-5.0232e-02,-0.0425,-0.06325
-5.0168e-02,-0.0104687,-0.05975
-5.0104e-02,0.0145313,-0.0561094
-5.0040e-02,0.04125,-0.0528281
-4.9976e-02,0.078125,-0.0490781
-4.9912e-02,0.106719,-0.0438906
-4.9848e-02,0.124844,-0.0392188
-4.9784e-02,0.161563,-0.0355625
-4.9720e-02,0.194375,-0.0316875
-4.9656e-02,0.21875,-0.0260156
-4.9592e-02,0.245625,-0.022
-4.9528e-02,0.278125,-0.0182656
-4.9464e-02,0.299844,-0.0152031
-4.9400e-02,0.330625,-0.00995313
-4.9336e-02,0.363125,-0.005
-4.9272e-02,0.38625,-0.00125
-4.9208e-02,0.404688,0.00340625
-4.9144e-02,0.438906,0.00707812
-4.9080e-02,0.460156,0.0115156
-4.9016e-02,0.489063,0.0157969
-4.8952e-02,0.518906,0.0186563
-4.8888e-02,0.545313,0.0219063
-4.8824e-02,0.56125,0.0268281
-4.8760e-02,0.594688,0.0303438
-4.8696e-02,0.614844,0.0360938
-4.8632e-02,0.64125,0.0405938
-4.8568e-02,0.675469,0.0447813
-4.8504e-02,0.690313,0.0480313
-4.8440e-02,0.718906,0.0528438
-4.8376e-02,0.741719,0.0560781
-4.8312e-02,0.758438,0.0611094
-4.8248e-02,0.788438,0.0641094
-4.8184e-02,0.804844,0.0690625
-4.8120e-02,0.836719,0.0721875
-4.8056e-02,0.86625,0.0763438
-4.7992e-02,0.890313,0.0791094
-4.7928e-02,0.914531,0.0847031
-4.7864e-02,0.928906,0.0879844
-4.7800e-02,0.96125,0.0924063
-4.7736e-02,0.983125,0.0954844
-4.7672e-02,1.00953,0.100375
-4.7608e-02,1.03688,0.103391
-4.7544e-02,1.05984,0.106328
-4.7480e-02,1.08547,0.109672
-4.7416e-02,1.11266,0.114578
-4.7352e-02,1.14391,0.117703
-4.7288e-02,1.16344,0.122438
-4.7224e-02,1.1975,0.124609
-4.7160e-02,1.22406,0.127938
-4.7096e-02,1.25109,0.132844
-4.7032e-02,1.27891,0.134922
-4.6968e-02,1.31766,0.1385
-4.6904e-02,1.34547,0.142578
-4.6840e-02,1.36859,0.145078
-4.6776e-02,1.40328,0.149594
-4.6712e-02,1.44,0.153781
-4.6648e-02,1.47797,0.157359
-4.6584e-02,1.49234,0.160438
-4.6520e-02,1.52797,0.163422
-4.6456e-02,1.5625,0.165547
-4.6392e-02,1.59859,0.169234
-4.6328e-02,1.62125,0.172422
-4.6264e-02,1.65766,0.174609
-4.6200e-02,1.68828,0.175938
-4.6136e-02,1.72641,0.180563
-4.6072e-02,1.75859,0.181828
-4.6008e-02,1.79766,0.183922
-4.5944e-02,1.83281,0.187516
-4.5880e-02,1.87328,0.187266
-4.5816e-02,1.91109,0.1895
-4.5752e-02,1.95172,0.19375
-4.5688e-02,1.99766,0.193938
-4.5624e-02,2.04266,0.196719
-4.5560e-02,2.08891,0.198828
-4.5496e-02,2.13266,0.200828
-4.5432e-02,2.18734,0.202766
-4.5368e-02,2.23891,0.204266
-4.5304e-02,2.27672,0.204656
-4.5240e-02,2.32813,0.207344
-4.5176e-02,2.38063,0.207266
-4.5112e-02,2.42578,0.208734
-4.5048e-02,2.47109,0.209234
-4.4984e-02,2.51922,0.21025
-4.4920e-02,2.56359,0.210984
-4.4856e-02,2.60188,0.211922
-4.4792e-02,2.65313,0.210938
-4.4728e-02,2.68781,0.212203
-4.4664e-02,2.72172,0.211484
-4.4600e-02,2.75047,0.211875
-4.4536e-02,2.78219,0.212875
-4.4472e-02,2.80125,0.210313
-4.4408e-02,2.82594,0.210188
-4.4344e-02,2.83516,0.212969
-4.4280e-02,2.85219,0.211078
-4.4216e-02,2.85531,0.209266
-4.4152e-02,2.84984,0.212063
-4.4088e-02,2.8425,0.210469
-4.4024e-02,2.82703,0.208734
-4.3960e-02,2.80641,0.209406
-4.3896e-02,2.78609,0.207391
-4.3832e-02,2.74609,0.207125
-4.3768e-02,2.70453,0.204609
-4.3704e-02,2.66328,0.205359
-4.3640e-02,2.61969,0.20475
-4.3576e-02,2.56734,0.201766
-4.3512e-02,2.51859,0.201672
-4.3448e-02,2.45797,0.199594
-4.3384e-02,2.39953,0.197859
-4.3320e-02,2.33219,0.198344
-4.3256e-02,2.28016,0.195125
-4.3192e-02,2.21422,0.194594
-4.3128e-02,2.13969,0.191297
-4.3064e-02,2.07063,0.189328
-4.3000e-02,1.99922,0.188109
-4.2936e-02,1.93344,0.185703
-4.2872e-02,1.87,0.185359
-4.2808e-02,1.80375,0.183422
-4.2744e-02,1.75734,0.181875
-4.2680e-02,1.68359,0.179984
-4.2616e-02,1.62563,0.177875
-4.2552e-02,1.56516,0.174953
-4.2488e-02,1.50469,0.172859
-4.2424e-02,1.44516,0.171094
-4.2360e-02,1.39391,0.168484
-4.2296e-02,1.33078,0.168141
-4.2232e-02,1.27891,0.164766
-4.2168e-02,1.22563,0.159719
-4.2104e-02,1.17609,0.159391
-4.2040e-02,1.12125,0.15775
-4.1976e-02,1.07156,0.154469
-4.1912e-02,1.02688,0.150594
-4.1848e-02,0.984375,0.147531
-4.1784e-02,0.924063,0.145625
-4.1720e-02,0.883906,0.142531
-4.1656e-02,0.841094,0.139688
-4.1592e-02,0.789063,0.1375
-4.1528e-02,0.756406,0.133172
-4.1464e-02,0.708594,0.130016
-4.1400e-02,0.671563,0.126984
-4.1336e-02,0.62,0.124391
-4.1272e-02,0.579375,0.122172
-4.1208e-02,0.539688,0.118859
-4.1144e-02,0.507969,0.115547
-4.1080e-02,0.456406,0.1135
-4.1016e-02,0.420469,0.107422
-4.0952e-02,0.389531,0.104328
-4.0888e-02,0.352656,0.102109
-4.0824e-02,0.311719,0.0987656
-4.0760e-02,0.28125,0.0942813
-4.0696e-02,0.246719,0.0905938
-4.0632e-02,0.206094,0.0866406
-4.0568e-02,0.185625,0.0825469
-4.0504e-02,0.147188,0.0803594
-4.0440e-02,0.115156,0.0760938
-4.0376e-02,0.0789063,0.0711094
-4.0312e-02,0.0451563,0.0680156
-4.0248e-02,0.0176563,0.0652656
-4.0184e-02,-0.0139062,0.0593438
-4.0120e-02,-0.0420312,0.0566875
-4.0056e-02,-0.0803125,0.0537813
-3.9992e-02,-0.100937,0.0472656
-3.9928e-02,-0.130469,0.0429063
-3.9864e-02,-0.161094,0.0391875
-3.9800e-02,-0.196719,0.0351719
-3.9736e-02,-0.214687,0.0304844
-3.9672e-02,-0.248281,0.0262656
-3.9608e-02,-0.28125,0.0208281
-3.9544e-02,-0.307031,0.0191875
-3.9480e-02,-0.338437,0.0143906
-3.9416e-02,-0.36125,0.0108438
-3.9352e-02,-0.385156,0.00596875
-3.9288e-02,-0.407812,0.00178125
-3.9224e-02,-0.434687,-0.0010625
-3.9160e-02,-0.458437,-0.00551563
-3.9096e-02,-0.47875,-0.0108594
-3.9032e-02,-0.506875,-0.0147031
-3.8968e-02,-0.529375,-0.019125
-3.8904e-02,-0.561094,-0.0241094
-3.8840e-02,-0.583437,-0.0277031
-3.8776e-02,-0.606094,-0.0311719
-3.8712e-02,-0.64,-0.0367188
-3.8648e-02,-0.647031,-0.0406719
-3.8584e-02,-0.680937,-0.0452344
-3.8520e-02,-0.709219,-0.0498438
-3.8456e-02,-0.729219,-0.0508281
-3.8392e-02,-0.75875,-0.0560313
-3.8328e-02,-0.786406,-0.0606563
-3.8264e-02,-0.809219,-0.0651406
-3.8200e-02,-0.830937,-0.069
-3.8136e-02,-0.858281,-0.0722969
-3.8072e-02,-0.880625,-0.0767188
-3.8008e-02,-0.9125,-0.0792188
-3.7944e-02,-0.927187,-0.0846563
-3.7880e-02,-0.9575,-0.0876875
-3.7816e-02,-0.98,-0.09275
-3.7752e-02,-0.99875,-0.0950781
-3.7688e-02,-1.02797,-0.0985469
-3.7624e-02,-1.04734,-0.103563
-3.7560e-02,-1.07734,-0.106766
-3.7496e-02,-1.10078,-0.111766
-3.7432e-02,-1.12375,-0.113172
-3.7368e-02,-1.15359,-0.119406
-3.7304e-02,-1.17594,-0.122016
-3.7240e-02,-1.20766,-0.125516
-3.7176e-02,-1.23531,-0.130063
-3.7112e-02,-1.26047,-0.133094
-3.7048e-02,-1.29344,-0.135375
-3.6984e-02,-1.31844,-0.140141
-3.6920e-02,-1.35547,-0.143469
-3.6856e-02,-1.38078,-0.147781
-3.6792e-02,-1.40891,-0.150578
-3.6728e-02,-1.44781,-0.156297
-3.6664e-02,-1.47203,-0.157234
-3.6600e-02,-1.49219,-0.160328
-3.6536e-02,-1.52484,-0.163734
-3.6472e-02,-1.55797,-0.166766
-3.6408e-02,-1.58453,-0.169656
-3.6344e-02,-1.60922,-0.170922
-3.6280e-02,-1.64484,-0.174172
-3.6216e-02,-1.68359,-0.177656
-3.6152e-02,-1.72109,-0.179031
-3.6088e-02,-1.7625,-0.18175
-3.6024e-02,-1.80109,-0.185266
-3.5960e-02,-1.83656,-0.186578
-3.5896e-02,-1.87875,-0.188328
-3.5832e-02,-1.92922,-0.190781
-3.5768e-02,-1.96344,-0.191109
-3.5704e-02,-2.00141,-0.195547
-3.5640e-02,-2.04781,-0.19775
-3.5576e-02,-2.09359,-0.197922
-3.5512e-02,-2.14641,-0.200156
-3.5448e-02,-2.18406,-0.203672
-3.5384e-02,-2.22891,-0.203359
-3.5320e-02,-2.27562,-0.204109
-3.5256e-02,-2.31937,-0.205875
-3.5192e-02,-2.36312,-0.206922
-3.5128e-02,-2.41187,-0.208984
-3.5064e-02,-2.4575,-0.208984
-3.5000e-02,-2.50109,-0.21125
-3.4936e-02,-2.55203,-0.210219
-3.4872e-02,-2.59891,-0.211594
-3.4808e-02,-2.64531,-0.211141
-3.4744e-02,-2.68125,-0.211625
-3.4680e-02,-2.71766,-0.212984
-3.4616e-02,-2.75656,-0.211875
-3.4552e-02,-2.78,-0.212625
-3.4488e-02,-2.80516,-0.213234
-3.4424e-02,-2.82984,-0.211578
-3.4360e-02,-2.84109,-0.21175
-3.4296e-02,-2.84656,-0.211953
-3.4232e-02,-2.85625,-0.211734
-3.4168e-02,-2.85766,-0.210922
-3.4104e-02,-2.845,-0.209484
-3.4040e-02,-2.83766,-0.210234
-3.3976e-02,-2.81344,-0.209859
-3.3912e-02,-2.79109,-0.208563
-3.3848e-02,-2.76781,-0.206203
-3.3784e-02,-2.72531,-0.205984
-3.3720e-02,-2.68344,-0.204422
-3.3656e-02,-2.63687,-0.20475
-3.3592e-02,-2.58859,-0.203266
-3.3528e-02,-2.52703,-0.203
-3.3464e-02,-2.47422,-0.199891
-3.3400e-02,-2.40891,-0.199984
-3.3336e-02,-2.35625,-0.196453
-3.3272e-02,-2.30453,-0.197844
-3.3208e-02,-2.23656,-0.195297
-3.3144e-02,-2.17328,-0.193016
-3.3080e-02,-2.11687,-0.191578
-3.3016e-02,-2.03875,-0.190125
-3.2952e-02,-1.97812,-0.189359
-3.2888e-02,-1.90594,-0.186641
-3.2824e-02,-1.84219,-0.184516
-3.2760e-02,-1.77844,-0.182094
-3.2696e-02,-1.71141,-0.181594
-3.2632e-02,-1.6525,-0.179641
-3.2568e-02,-1.59078,-0.176094
-3.2504e-02,-1.52516,-0.176547
-3.2440e-02,-1.47734,-0.172109
-3.2376e-02,-1.42156,-0.1715
-3.2312e-02,-1.36047,-0.168016
-3.2248e-02,-1.30969,-0.166813
-3.2184e-02,-1.25531,-0.163672
-3.2120e-02,-1.20234,-0.159938
-3.2056e-02,-1.15281,-0.159
-3.1992e-02,-1.10953,-0.156766
-3.1928e-02,-1.05437,-0.155672
-3.1864e-02,-1.00891,-0.15225
-3.1800e-02,-0.962031,-0.149984
-3.1736e-02,-0.921094,-0.146266
-3.1672e-02,-0.876406,-0.142781
-3.1608e-02,-0.829844,-0.140078
-3.1544e-02,-0.788906,-0.135766
-3.1480e-02,-0.75,-0.134234
-3.1416e-02,-0.695625,-0.130953
-3.1352e-02,-0.647187,-0.127703
-3.1288e-02,-0.619531,-0.124953
-3.1224e-02,-0.572812,-0.119859
-3.1160e-02,-0.537187,-0.116797
-3.1096e-02,-0.494062,-0.113281
-3.1032e-02,-0.464687,-0.111438
-3.0968e-02,-0.430937,-0.10725
-3.0904e-02,-0.398594,-0.103438
-3.0840e-02,-0.365312,-0.0992969
-3.0776e-02,-0.329531,-0.0963438
-3.0712e-02,-0.287187,-0.093375
-3.0648e-02,-0.258125,-0.088875
-3.0584e-02,-0.233906,-0.0863906
-3.0520e-02,-0.197656,-0.0812969
-3.0456e-02,-0.161094,-0.0779219
-3.0392e-02,-0.124375,-0.0752344
-3.0328e-02,-0.0959375,-0.0694844
-3.0264e-02,-0.07,-0.0666719
-3.0200e-02,-0.0379687,-0.0605938
-3.0136e-02,-0.00124999,-0.0589219
-3.0072e-02,0.026875,-0.0546406
-3.0008e-02,0.0534375,-0.0510625
-2.9944e-02,0.085,-0.0466875
-2.9880e-02,0.117813,-0.043
-2.9816e-02,0.143594,-0.038125
-2.9752e-02,0.170469,-0.0343281
-2.9688e-02,0.200781,-0.0285313
-2.9624e-02,0.232344,-0.0262031
-2.9560e-02,0.256563,-0.0213125
-2.9496e-02,0.282031,-0.0160781
-2.9432e-02,0.316094,-0.0122813
-2.9368e-02,0.341875,-0.00834375
-2.9304e-02,0.368906,-0.00459375
-2.9240e-02,0.40125,0.000140625
-2.9176e-02,0.421094,0.00532812
-2.9112e-02,0.443438,0.00903125
-2.9048e-02,0.471719,0.0129375
-2.8984e-02,0.500313,0.0171563
-2.8920e-02,0.522344,0.0203594
-2.8856e-02,0.550938,0.0253594
-2.8792e-02,0.578906,0.0290625
-2.8728e-02,0.60125,0.0328438
-2.8664e-02,0.631875,0.0363438
-2.8600e-02,0.65,0.0423125
-2.8536e-02,0.678906,0.0466406
-2.8472e-02,0.70625,0.0497813
-2.8408e-02,0.719219,0.05425
-2.8344e-02,0.754219,0.0583281
-2.8280e-02,0.770781,0.0624688
-2.8216e-02,0.798906,0.0664844
-2.8152e-02,0.822813,0.0691875
-2.8088e-02,0.845938,0.073375
-2.8024e-02,0.878438,0.0787031
-2.7960e-02,0.897031,0.0819219
-2.7896e-02,0.920781,0.0861406
-2.7832e-02,0.945938,0.0893438
-2.7768e-02,0.973438,0.0925938
-2.7704e-02,0.996563,0.0980938
-2.7640e-02,1.02703,0.102406
-2.7576e-02,1.04313,0.104391
-2.7512e-02,1.07188,0.109406
-2.7448e-02,1.1,0.113047
-2.7384e-02,1.12125,0.116141
-2.7320e-02,1.15578,0.118766
-2.7256e-02,1.18063,0.1225
-2.7192e-02,1.20234,0.125938
-2.7128e-02,1.24016,0.128609
-2.7064e-02,1.26953,0.133344
-2.7000e-02,1.28859,0.136453
-2.6936e-02,1.31891,0.140813
-2.6872e-02,1.36125,0.144172
-2.6808e-02,1.39047,0.147938
-2.6744e-02,1.42109,0.150234
-2.6680e-02,1.44813,0.155859
-2.6616e-02,1.48297,0.157422
-2.6552e-02,1.52125,0.161578
-2.6488e-02,1.54094,0.164891
-2.6424e-02,1.56625,0.167188
-2.6360e-02,1.60125,0.170313
-2.6296e-02,1.63891,0.173813
-2.6232e-02,1.67063,0.176578
-2.6168e-02,1.70594,0.177703
-2.6104e-02,1.74578,0.179891
-2.6040e-02,1.77016,0.183234
-2.5976e-02,1.80656,0.184656
-2.5912e-02,1.85078,0.187266
-2.5848e-02,1.88375,0.189641
-2.5784e-02,1.92953,0.192563
-2.5720e-02,1.96453,0.193781
-2.5656e-02,2.01438,0.1965
-2.5592e-02,2.06516,0.197547
-2.5528e-02,2.10641,0.199656
-2.5464e-02,2.15547,0.201219
-2.5400e-02,2.20547,0.20225
-2.5336e-02,2.24813,0.204125
-2.5272e-02,2.30234,0.204766
-2.5208e-02,2.35469,0.205
-2.5144e-02,2.39953,0.207875
-2.5080e-02,2.43828,0.208859
-2.5016e-02,2.49016,0.209578
-2.4952e-02,2.53984,0.209984
-2.4888e-02,2.58281,0.210656
-2.4824e-02,2.62391,0.209469
-2.4760e-02,2.66,0.21
-2.4696e-02,2.69594,0.211766
-2.4632e-02,2.72734,0.21275
-2.4568e-02,2.76531,0.212547
-2.4504e-02,2.79188,0.211234
-2.4440e-02,2.81188,0.212469
-2.4376e-02,2.83078,0.211797
-2.4312e-02,2.84531,0.211156
-2.4248e-02,2.85172,0.211359
-2.4184e-02,2.85313,0.211844
-2.4120e-02,2.84844,0.209203
-2.4056e-02,2.84219,0.210344
-2.3992e-02,2.82359,0.209688
-2.3928e-02,2.79594,0.208156
-2.3864e-02,2.76484,0.210391
-2.3800e-02,2.72734,0.207078
-2.3736e-02,2.69016,0.206578
-2.3672e-02,2.64563,0.204141
-2.3608e-02,2.59938,0.203578
-2.3544e-02,2.55016,0.202016
-2.3480e-02,2.48984,0.200859
-2.3416e-02,2.43844,0.198422
-2.3352e-02,2.37938,0.197469
-2.3288e-02,2.31891,0.195375
-2.3224e-02,2.25016,0.194563
-2.3160e-02,2.18531,0.192547
-2.3096e-02,2.11656,0.190422
-2.3032e-02,2.04672,0.1895
-2.2968e-02,1.96984,0.186703
-2.2904e-02,1.90844,0.186563
-2.2840e-02,1.84547,0.185609
-2.2776e-02,1.77781,0.181344
-2.2712e-02,1.72344,0.180531
-2.2648e-02,1.665,0.178
-2.2584e-02,1.60297,0.177563
-2.2520e-02,1.54672,0.175906
-2.2456e-02,1.48375,0.172906
-2.2392e-02,1.42563,0.170156
-2.2328e-02,1.36641,0.169031
-2.2264e-02,1.30734,0.167031
-2.2200e-02,1.25953,0.163031
-2.2136e-02,1.20328,0.160344
-2.2072e-02,1.15578,0.159172
-2.2008e-02,1.10781,0.156031
-2.1944e-02,1.05063,0.153375
-2.1880e-02,1.00453,0.149438
-2.1816e-02,0.958281,0.147953
-2.1752e-02,0.91375,0.144594
-2.1688e-02,0.867031,0.143828
-2.1624e-02,0.819063,0.139328
-2.1560e-02,0.772969,0.136203
-2.1496e-02,0.7325,0.131453
-2.1432e-02,0.692969,0.129109
-2.1368e-02,0.650938,0.125875
-2.1304e-02,0.60625,0.124563
-2.1240e-02,0.566406,0.119469
-2.1176e-02,0.524844,0.116828
-2.1112e-02,0.484688,0.114016
-2.1048e-02,0.444063,0.110938
-2.0984e-02,0.403281,0.106688
-2.0920e-02,0.374219,0.104641
-2.0856e-02,0.338594,0.100266
-2.0792e-02,0.301094,0.0982188
-2.0728e-02,0.270781,0.0925625
-2.0664e-02,0.236094,0.0889375
-2.0600e-02,0.197188,0.0867344
-2.0536e-02,0.163281,0.0825469
-2.0472e-02,0.125313,0.078
-2.0408e-02,0.099375,0.0744688
-2.0344e-02,0.073125,0.0694531
-2.0280e-02,0.0371875,0.0659844
-2.0216e-02,0.00359376,0.0616563
-2.0152e-02,-0.0217187,0.058125
-2.0088e-02,-0.0542187,0.0556406
-2.0024e-02,-0.0825,0.0516875
-1.9960e-02,-0.117656,0.0463594
-1.9896e-02,-0.145625,0.0417656
-1.9832e-02,-0.170625,0.0384688
-1.9768e-02,-0.203125,0.0329688
-1.9704e-02,-0.234687,0.0308906
-1.9640e-02,-0.261719,0.02475
-1.9576e-02,-0.285781,0.0222031
-1.9512e-02,-0.31875,0.0163906
-1.9448e-02,-0.34375,0.012125
-1.9384e-02,-0.363125,0.00914063
-1.9320e-02,-0.391719,0.00498437
-1.9256e-02,-0.425469,0.00225
-1.9192e-02,-0.441562,-0.0043125
-1.9128e-02,-0.468594,-0.00721875
-1.9064e-02,-0.483594,-0.0125469
-1.9000e-02,-0.517656,-0.0161719
-1.8936e-02,-0.539844,-0.0212813
-1.8872e-02,-0.562656,-0.0244219
-1.8808e-02,-0.593125,-0.0291563
-1.8744e-02,-0.617031,-0.0334531
-1.8680e-02,-0.639219,-0.0384219
-1.8616e-02,-0.661562,-0.0423906
-1.8552e-02,-0.687344,-0.0461406
-1.8488e-02,-0.71875,-0.050375
-1.8424e-02,-0.741719,-0.0539688
-1.8360e-02,-0.7675,-0.0583594
-1.8296e-02,-0.792656,-0.0623125
-1.8232e-02,-0.812187,-0.0665313
-1.8168e-02,-0.83875,-0.070375
-1.8104e-02,-0.871875,-0.0731406
-1.8040e-02,-0.888125,-0.0791563
-1.7976e-02,-0.915781,-0.0817969
-1.7912e-02,-0.938437,-0.0855469
-1.7848e-02,-0.964219,-0.0903906
-1.7784e-02,-0.994062,-0.092375
-1.7720e-02,-1.00828,-0.0985156
-1.7656e-02,-1.03469,-0.100875
-1.7592e-02,-1.06031,-0.104766
-1.7528e-02,-1.08484,-0.10825
-1.7464e-02,-1.11453,-0.112531
-1.7400e-02,-1.13281,-0.116281
-1.7336e-02,-1.16344,-0.119719
-1.7272e-02,-1.19125,-0.123203
-1.7208e-02,-1.21656,-0.126875
-1.7144e-02,-1.24109,-0.130266
-1.7080e-02,-1.27578,-0.134453
-1.7016e-02,-1.30859,-0.13725
-1.6952e-02,-1.32922,-0.141203
-1.6888e-02,-1.35875,-0.145891
-1.6824e-02,-1.39578,-0.148563
-1.6760e-02,-1.42547,-0.151469
-1.6696e-02,-1.45156,-0.154641
-1.6632e-02,-1.48422,-0.158047
-1.6568e-02,-1.51359,-0.161031
-1.6504e-02,-1.53547,-0.164313
-1.6440e-02,-1.56453,-0.167078
-1.6376e-02,-1.60109,-0.169828
-1.6312e-02,-1.63297,-0.172906
-1.6248e-02,-1.66797,-0.175625
-1.6184e-02,-1.70125,-0.178672
-1.6120e-02,-1.73828,-0.179375
-1.6056e-02,-1.77406,-0.182563
-1.5992e-02,-1.81609,-0.185328
-1.5928e-02,-1.8475,-0.186766
-1.5864e-02,-1.89016,-0.189328
-1.5800e-02,-1.93812,-0.191125
-1.5736e-02,-1.98125,-0.194469
-1.5672e-02,-2.02062,-0.197281
-1.5608e-02,-2.06797,-0.197266
-1.5544e-02,-2.11437,-0.200453
-1.5480e-02,-2.15844,-0.199688
-1.5416e-02,-2.19875,-0.201797
-1.5352e-02,-2.24109,-0.20425
-1.5288e-02,-2.29344,-0.205922
-1.5224e-02,-2.34031,-0.206984
-1.5160e-02,-2.38594,-0.207641
-1.5096e-02,-2.43125,-0.21
-1.5032e-02,-2.47672,-0.210359
-1.4968e-02,-2.52109,-0.211234
-1.4904e-02,-2.57719,-0.212266
-1.4840e-02,-2.60781,-0.211141
-1.4776e-02,-2.65422,-0.209906
-1.4712e-02,-2.69078,-0.212063
-1.4648e-02,-2.72625,-0.214109
-1.4584e-02,-2.76266,-0.213625
-1.4520e-02,-2.79437,-0.212547
-1.4456e-02,-2.80828,-0.213984
-1.4392e-02,-2.83047,-0.211891
-1.4328e-02,-2.845,-0.21225
-1.4264e-02,-2.84984,-0.211391
-1.4200e-02,-2.85578,-0.211828
-1.4136e-02,-2.85469,-0.211125
-1.4072e-02,-2.84141,-0.210625
-1.4008e-02,-2.83,-0.210875
-1.3944e-02,-2.80578,-0.209891
-1.3880e-02,-2.78453,-0.208094
-1.3816e-02,-2.75,-0.20625
-1.3752e-02,-2.70875,-0.205641
-1.3688e-02,-2.66594,-0.205281
-1.3624e-02,-2.61297,-0.203719
-1.3560e-02,-2.55687,-0.202719
-1.3496e-02,-2.50531,-0.202141
-1.3432e-02,-2.44734,-0.199625
-1.3368e-02,-2.3975,-0.199641
-1.3304e-02,-2.3325,-0.197438
-1.3240e-02,-2.27719,-0.197016
-1.3176e-02,-2.21734,-0.194344
-1.3112e-02,-2.15219,-0.192734
-1.3048e-02,-2.08469,-0.190172
-1.2984e-02,-2.02531,-0.187984
-1.2920e-02,-1.95562,-0.186906
-1.2856e-02,-1.88375,-0.184953
-1.2792e-02,-1.81031,-0.183953
-1.2728e-02,-1.75844,-0.182172
-1.2664e-02,-1.68766,-0.179703
-1.2600e-02,-1.61953,-0.178922
-1.2536e-02,-1.56266,-0.174734
-1.2472e-02,-1.51187,-0.17475
-1.2408e-02,-1.45016,-0.171063
-1.2344e-02,-1.39719,-0.168984
-1.2280e-02,-1.34594,-0.168594
-1.2216e-02,-1.28703,-0.165172
-1.2152e-02,-1.23797,-0.162797
-1.2088e-02,-1.18141,-0.159125
-1.2024e-02,-1.12437,-0.158734
-1.1960e-02,-1.085,-0.155703
-1.1896e-02,-1.04312,-0.153156
-1.1832e-02,-0.996875,-0.149859
-1.1768e-02,-0.95875,-0.147406
-1.1704e-02,-0.908906,-0.143891
-1.1640e-02,-0.855625,-0.140938
-1.1576e-02,-0.816875,-0.138188
-1.1512e-02,-0.767187,-0.136094
-1.1448e-02,-0.723437,-0.131984
-1.1384e-02,-0.676875,-0.130344
-1.1320e-02,-0.639375,-0.1275
-1.1256e-02,-0.604687,-0.122016
-1.1192e-02,-0.562969,-0.119484
-1.1128e-02,-0.51875,-0.115203
-1.1064e-02,-0.481719,-0.113141
-1.1000e-02,-0.447656,-0.109281
-1.0936e-02,-0.420156,-0.106391
-1.0872e-02,-0.383437,-0.102922
-1.0808e-02,-0.349219,-0.0988125
-1.0744e-02,-0.316719,-0.0964375
-1.0680e-02,-0.276562,-0.0923281
-1.0616e-02,-0.248906,-0.0878906
-1.0552e-02,-0.212969,-0.0831875
-1.0488e-02,-0.182812,-0.0803906
-1.0424e-02,-0.155312,-0.0761094
-1.0360e-02,-0.116562,-0.071125
-1.0296e-02,-0.0821875,-0.0679844
-1.0232e-02,-0.0503125,-0.0640156
-1.0168e-02,-0.0207812,-0.0598906
-1.0104e-02,0.00281251,-0.0565156
-1.0040e-02,0.036875,-0.0524844
-9.9760e-03,0.0698438,-0.0485313
-9.9120e-03,0.0954688,-0.0447813
-9.8480e-03,0.122813,-0.0406719
-9.7840e-03,0.15625,-0.0374219
-9.7200e-03,0.188281,-0.031875
-9.6560e-03,0.20875,-0.0269375
-9.5920e-03,0.242031,-0.02325
-9.5280e-03,0.268438,-0.0197656
-9.4640e-03,0.287969,-0.0146563
-9.4000e-03,0.325313,-0.0112344
-9.3360e-03,0.358906,-0.00667188
-9.2720e-03,0.381406,-0.00309375
-9.2080e-03,0.402031,0.00248437
-9.1440e-03,0.434219,0.00664062
-9.0800e-03,0.446563,0.0104375
-9.0160e-03,0.485,0.0145625
-8.9520e-03,0.51875,0.0185313
-8.8880e-03,0.526406,0.0237969
-8.8240e-03,0.556875,0.0263594
-8.7600e-03,0.58625,0.0305156
-8.6960e-03,0.608281,0.0353906
-8.6320e-03,0.642969,0.03925
-8.5680e-03,0.663438,0.0432344
-8.5040e-03,0.684688,0.048125
-8.4400e-03,0.71375,0.0533281
-8.3760e-03,0.723281,0.0578125
-8.3120e-03,0.760625,0.0599219
-8.2480e-03,0.785625,0.0635156
-8.1840e-03,0.807656,0.0683594
-8.1200e-03,0.836719,0.0713594
-8.0560e-03,0.856875,0.0764063
-7.9920e-03,0.877813,0.0794531
-7.9280e-03,0.90875,0.0837813
-7.8640e-03,0.925781,0.0874844
-7.8000e-03,0.955938,0.0925469
-7.7360e-03,0.980938,0.0948438
-7.6720e-03,1.00563,0.0992031
-7.6080e-03,1.03313,0.102766
-7.5440e-03,1.05625,0.107172
-7.4800e-03,1.08422,0.110406
-7.4160e-03,1.11422,0.113094
-7.3520e-03,1.13391,0.116719
-7.2880e-03,1.16328,0.120328
-7.2240e-03,1.19172,0.123672
-7.1600e-03,1.21891,0.127297
-7.0960e-03,1.24469,0.131156
-7.0320e-03,1.27531,0.135219
-6.9680e-03,1.30969,0.137359
-6.9040e-03,1.33641,0.142141
-6.8400e-03,1.36281,0.145078
-6.7760e-03,1.40344,0.149266
-6.7120e-03,1.43531,0.152422
-6.6480e-03,1.46203,0.156109
-6.5840e-03,1.49328,0.158656
-6.5200e-03,1.51953,0.163297
-6.4560e-03,1.55547,0.165859
-6.3920e-03,1.58734,0.168656
-6.3280e-03,1.61391,0.170891
-6.2640e-03,1.65297,0.175109
-6.2000e-03,1.68563,0.176828
-6.1360e-03,1.71859,0.179219
-6.0720e-03,1.75609,0.181594
-6.0080e-03,1.79328,0.183813
-5.9440e-03,1.82313,0.185828
-5.8800e-03,1.86141,0.188203
-5.8160e-03,1.89688,0.190609
-5.7520e-03,1.94469,0.192375
-5.6880e-03,1.98578,0.195453
-5.6240e-03,2.03813,0.196016
-5.5600e-03,2.0825,0.197531
-5.4960e-03,2.12125,0.200375
-5.4320e-03,2.17922,0.200969
-5.3680e-03,2.23016,0.20325
-5.3040e-03,2.27188,0.204359
-5.2400e-03,2.31844,0.205
-5.1760e-03,2.36813,0.207219
-5.1120e-03,2.40734,0.207672
-5.0480e-03,2.45891,0.208984
-4.9840e-03,2.51469,0.20775
-4.9200e-03,2.55859,0.210016
-4.8560e-03,2.5975,0.210906
-4.7920e-03,2.64031,0.212156
-4.7280e-03,2.67547,0.213125
-4.6640e-03,2.70719,0.211578
-4.6000e-03,2.74391,0.211703
-4.5360e-03,2.77094,0.211391
-4.4720e-03,2.80188,0.214156
-4.4080e-03,2.81781,0.211563
-4.3440e-03,2.83875,0.212438
-4.2800e-03,2.84766,0.210828
-4.2160e-03,2.85313,0.210297
-4.1520e-03,2.84875,0.210047
-4.0880e-03,2.83953,0.208516
-4.0240e-03,2.83438,0.209531
-3.9600e-03,2.80766,0.209125
-3.8960e-03,2.78438,0.208594
-3.8320e-03,2.75453,0.205859
-3.7680e-03,2.71188,0.204406
-3.7040e-03,2.67422,0.204625
-3.6400e-03,2.62453,0.2035
-3.5760e-03,2.57422,0.203234
-3.5120e-03,2.52531,0.201219
-3.4480e-03,2.47266,0.199688
-3.3840e-03,2.41547,0.198531
-3.3200e-03,2.35469,0.196531
-3.2560e-03,2.28656,0.196313
-3.1920e-03,2.23125,0.196344
-3.1280e-03,2.15484,0.192969
-3.0640e-03,2.08531,0.190797
-3.0000e-03,2.02031,0.188063
-2.9360e-03,1.94359,0.187891
-2.8720e-03,1.88688,0.185734
-2.8080e-03,1.81734,0.183953
-2.7440e-03,1.75734,0.182328
-2.6800e-03,1.69359,0.181203
-2.6160e-03,1.64203,0.178328
-2.5520e-03,1.57406,0.175531
-2.4880e-03,1.52297,0.173625
-2.4240e-03,1.45781,0.171344
-2.3600e-03,1.39875,0.169125
-2.2960e-03,1.35234,0.167031
-2.2320e-03,1.28594,0.163531
-2.1680e-03,1.23391,0.162063
-2.1040e-03,1.18344,0.159766
-2.0400e-03,1.13906,0.157313
-1.9760e-03,1.08203,0.155656
-1.9120e-03,1.03656,0.151969
-1.8480e-03,0.988438,0.149531
-1.7840e-03,0.931563,0.148172
-1.7200e-03,0.890625,0.142078
-1.6560e-03,0.848594,0.139563
-1.5920e-03,0.800938,0.138109
-1.5280e-03,0.76125,0.135172
-1.4640e-03,0.718281,0.130984
-1.4000e-03,0.678906,0.128078
-1.3360e-03,0.633438,0.125844
-1.2720e-03,0.589531,0.121875
-1.2080e-03,0.554219,0.11825
-1.1440e-03,0.514375,0.115156
-1.0800e-03,0.469688,0.113203
-1.0160e-03,0.430313,0.109344
-9.5200e-04,0.40125,0.105891
-8.8800e-04,0.360781,0.103781
-8.2400e-04,0.322656,0.0989531
-7.6000e-04,0.28125,0.0958906
-6.9600e-04,0.243594,0.091
-6.3200e-04,0.215313,0.0868438
-5.6800e-04,0.185938,0.0841875
-5.0400e-04,0.155313,0.0801406
-4.4000e-04,0.117656,0.077125
-3.7600e-04,0.0854688,0.0726875
-3.1200e-04,0.0565625,0.0676875
-2.4800e-04,0.0323438,0.0630938
-1.8400e-04,-0.00124999,0.0610469
-1.2000e-04,-0.035,0.0574688
-5.6000e-05,-0.0753125,0.05275
8.0000e-06,-0.0946875,0.0492969
7.2000e-05,-0.123594,0.0448281
1.3600e-04,-0.158437,0.040625
2.0000e-04,-0.186406,0.0359531
2.6400e-04,-0.21125,0.0326094
3.2800e-04,-0.241094,0.0270781
3.9200e-04,-0.272344,0.0229688
4.5600e-04,-0.29625,0.0186094
5.2000e-04,-0.325937,0.0144531
5.8400e-04,-0.355312,0.0107813
6.4800e-04,-0.374531,0.007
7.1200e-04,-0.39875,0.00398437
7.7600e-04,-0.431094,-0.000203125
8.4000e-04,-0.449531,-0.00559375
9.0400e-04,-0.477656,-0.00915625
9.6800e-04,-0.499062,-0.014625
1.0320e-03,-0.523594,-0.019
1.0960e-03,-0.553906,-0.0227031
1.1600e-03,-0.568125,-0.0270156
1.2240e-03,-0.600312,-0.0319531
1.2880e-03,-0.634687,-0.0344844
1.3520e-03,-0.645781,-0.0394063
1.4160e-03,-0.67125,-0.0434063
1.4800e-03,-0.706094,-0.0471875
1.5440e-03,-0.723594,-0.0528594
1.6080e-03,-0.75875,-0.0549063
1.6720e-03,-0.775156,-0.0598438
1.7360e-03,-0.801094,-0.0631563
1.8000e-03,-0.82375,-0.0670938
1.8640e-03,-0.847031,-0.0715
1.9280e-03,-0.878125,-0.07575
1.9920e-03,-0.907812,-0.0794844
2.0560e-03,-0.92125,-0.0831406
2.1200e-03,-0.954062,-0.0881094
2.1840e-03,-0.968906,-0.0907813
2.2480e-03,-0.998125,-0.0949688
2.3120e-03,-1.01891,-0.0989063
2.3760e-03,-1.04547,-0.102688
2.4400e-03,-1.07328,-0.106125
2.5040e-03,-1.09437,-0.110359
2.5680e-03,-1.11875,-0.113813
2.6320e-03,-1.14484,-0.116578
2.6960e-03,-1.16812,-0.121109
2.7600e-03,-1.19875,-0.124688
2.8240e-03,-1.22953,-0.128281
2.8880e-03,-1.25469,-0.131797
2.9520e-03,-1.28297,-0.136094
3.0160e-03,-1.31672,-0.139234
3.0800e-03,-1.34172,-0.142625
3.1440e-03,-1.36984,-0.146578
3.2080e-03,-1.40109,-0.150375
3.2720e-03,-1.43906,-0.152984
3.3360e-03,-1.47,-0.155703
3.4000e-03,-1.49641,-0.159969
3.4640e-03,-1.51969,-0.16275
3.5280e-03,-1.55109,-0.16525
3.5920e-03,-1.5725,-0.168375
3.6560e-03,-1.60297,-0.171609
3.7200e-03,-1.64031,-0.174297
3.7840e-03,-1.67953,-0.175734
3.8480e-03,-1.71734,-0.178734
3.9120e-03,-1.74844,-0.180563
3.9760e-03,-1.79422,-0.183828
4.0400e-03,-1.83234,-0.185813
4.1040e-03,-1.87078,-0.187703
4.1680e-03,-1.91234,-0.188906
4.2320e-03,-1.95812,-0.192766
4.2960e-03,-1.99594,-0.193375
4.3600e-03,-2.04109,-0.19725
4.4240e-03,-2.08516,-0.196984
4.4880e-03,-2.12359,-0.200672
4.5520e-03,-2.16391,-0.202859
4.6160e-03,-2.21391,-0.202844
4.6800e-03,-2.26219,-0.203609
4.7440e-03,-2.31656,-0.205578
4.8080e-03,-2.35219,-0.206906
4.8720e-03,-2.39891,-0.208766
4.9360e-03,-2.44781,-0.209406
5.0000e-03,-2.48375,-0.210344
5.0640e-03,-2.53281,-0.2115
5.1280e-03,-2.59406,-0.210828
5.1920e-03,-2.63297,-0.211625
5.2560e-03,-2.67234,-0.213219
5.3200e-03,-2.7125,-0.212375
5.3840e-03,-2.74203,-0.213438
5.4480e-03,-2.76984,-0.213047
5.5120e-03,-2.79562,-0.212156
5.5760e-03,-2.81547,-0.212609
5.6400e-03,-2.83172,-0.212563
5.7040e-03,-2.85047,-0.211703
5.7680e-03,-2.85953,-0.215063
5.8320e-03,-2.85078,-0.212078
5.8960e-03,-2.84844,-0.210938
5.9600e-03,-2.84031,-0.210078
6.0240e-03,-2.82578,-0.208828
6.0880e-03,-2.80094,-0.210203
6.1520e-03,-2.76562,-0.208984
6.2160e-03,-2.73359,-0.207094
6.2800e-03,-2.69031,-0.205078
6.3440e-03,-2.63922,-0.205281
6.4080e-03,-2.59734,-0.202234
6.4720e-03,-2.53984,-0.202156
6.5360e-03,-2.48094,-0.201438
6.6000e-03,-2.42812,-0.199531
6.6640e-03,-2.36859,-0.197766
6.7280e-03,-2.31578,-0.198172
6.7920e-03,-2.24969,-0.193609
6.8560e-03,-2.19109,-0.193172
6.9200e-03,-2.12578,-0.191813
6.9840e-03,-2.06234,-0.188781
7.0480e-03,-1.99266,-0.187344
7.1120e-03,-1.91953,-0.185
7.1760e-03,-1.85656,-0.184375
7.2400e-03,-1.78844,-0.183875
7.3040e-03,-1.72609,-0.180594
7.3680e-03,-1.66422,-0.178875
7.4320e-03,-1.59734,-0.177016
7.4960e-03,-1.53125,-0.174828
7.5600e-03,-1.48281,-0.173516
7.6240e-03,-1.435,-0.169438
7.6880e-03,-1.37437,-0.16875
7.7520e-03,-1.31875,-0.167281
7.8160e-03,-1.27594,-0.163656
7.8800e-03,-1.20797,-0.162219
7.9440e-03,-1.16516,-0.159625
8.0080e-03,-1.11734,-0.157906
8.0720e-03,-1.07141,-0.154813
8.1360e-03,-1.01484,-0.151172
8.2000e-03,-0.968594,-0.148844
8.2640e-03,-0.934219,-0.145875
8.3280e-03,-0.885156,-0.143984
8.3920e-03,-0.8375,-0.139969
8.4560e-03,-0.79875,-0.138
8.5200e-03,-0.754844,-0.134266
8.5840e-03,-0.704531,-0.131172
8.6480e-03,-0.659219,-0.126984
8.7120e-03,-0.624531,-0.124313
8.7760e-03,-0.580469,-0.120766
8.8400e-03,-0.548594,-0.118297
8.9040e-03,-0.505312,-0.112641
8.9680e-03,-0.47375,-0.111859
9.0320e-03,-0.435469,-0.108234
9.0960e-03,-0.402344,-0.103547
9.1600e-03,-0.363125,-0.100109
9.2240e-03,-0.332969,-0.0970469
9.2880e-03,-0.302344,-0.0941563
9.3520e-03,-0.274531,-0.0899219
9.4160e-03,-0.236875,-0.0863594
9.4800e-03,-0.201094,-0.0810469
9.5440e-03,-0.161719,-0.078125
9.6080e-03,-0.133125,-0.07325
9.6720e-03,-0.103125,-0.0700156
9.7360e-03,-0.0767187,-0.068375
9.8000e-03,-0.04375,-0.0626406
9.8640e-03,-0.00218749,-0.0589063
9.9280e-03,0.0179688,-0.0565781
9.9920e-03,0.0454688,-0.0524531
1.0056e-02,0.0789063,-0.0474219
1.0120e-02,0.112969,-0.0429063
1.0184e-02,0.132969,-0.0390156
1.0248e-02,0.161406,-0.0355781
1.0312e-02,0.198906,-0.0295625
1.0376e-02,0.222813,-0.0253594
1.0440e-02,0.245938,-0.0215469
1.0504e-02,0.278906,-0.0179688
1.0568e-02,0.301094,-0.0139219
1.0632e-02,0.338594,-0.00829688
1.0696e-02,0.364063,-0.00475
1.0760e-02,0.388906,4.68749e-05
1.0824e-02,0.41,0.0048125
1.0888e-02,0.438906,0.00725
1.0952e-02,0.4675,0.0118438
1.1016e-02,0.49375,0.0165
1.1080e-02,0.52125,0.0182969
1.1144e-02,0.542344,0.024125
1.1208e-02,0.565156,0.0276563
1.1272e-02,0.598906,0.0321094
1.1336e-02,0.617813,0.0363125
1.1400e-02,0.645625,0.0403281
1.1464e-02,0.677188,0.0467813
1.1528e-02,0.698906,0.0509688
1.1592e-02,0.716563,0.0523906
1.1656e-02,0.736094,0.056875
1.1720e-02,0.770313,0.0610469
1.1784e-02,0.794688,0.0645469
1.1848e-02,0.820156,0.0693125
1.1912e-02,0.84125,0.0720781
1.1976e-02,0.871719,0.0766406
1.2040e-02,0.889531,0.0805313
1.2104e-02,0.917813,0.0848281
1.2168e-02,0.947031,0.0898438
1.2232e-02,0.967344,0.0925469
1.2296e-02,0.99125,0.0971875
1.2360e-02,1.01531,0.0997031
1.2424e-02,1.03891,0.104609
1.2488e-02,1.06781,0.108344
1.2552e-02,1.08641,0.111219
1.2616e-02,1.11891,0.114688
1.2680e-02,1.14922,0.117234
1.2744e-02,1.17219,0.121609
1.2808e-02,1.20125,0.12575
1.2872e-02,1.23453,0.128328
1.2936e-02,1.25516,0.131906
1.3000e-02,1.28344,0.136188
1.3064e-02,1.31875,0.139141
1.3128e-02,1.35484,0.142266
1.3192e-02,1.38344,0.146563
1.3256e-02,1.40297,0.151234
1.3320e-02,1.44125,0.154203
1.3384e-02,1.47828,0.156828
1.3448e-02,1.50313,0.160625
1.3512e-02,1.53656,0.163578
1.3576e-02,1.56672,0.166563
1.3640e-02,1.60125,0.168797
1.3704e-02,1.63359,0.172781
1.3768e-02,1.66531,0.175391
1.3832e-02,1.69328,0.177484
1.3896e-02,1.73234,0.180109
1.3960e-02,1.75891,0.183125
1.4024e-02,1.80328,0.183375
1.4088e-02,1.83891,0.186266
1.4152e-02,1.87672,0.189063
1.4216e-02,1.91703,0.191328
1.4280e-02,1.96109,0.193875
1.4344e-02,2.00125,0.196375
1.4408e-02,2.04891,0.196844
1.4472e-02,2.09547,0.197281
1.4536e-02,2.14141,0.200422
1.4600e-02,2.19906,0.201813
1.4664e-02,2.24125,0.204
1.4728e-02,2.28563,0.205984
1.4792e-02,2.32781,0.204359
1.4856e-02,2.38578,0.205
1.4920e-02,2.43047,0.208688
1.4984e-02,2.485,0.208844
1.5048e-02,2.5225,0.210953
1.5112e-02,2.56953,0.209688
1.5176e-02,2.61125,0.211328
1.5240e-02,2.65078,0.210984
1.5304e-02,2.68813,0.211656
1.5368e-02,2.72125,0.212109
1.5432e-02,2.75813,0.211422
1.5496e-02,2.78422,0.2115
1.5560e-02,2.80734,0.212063
1.5624e-02,2.83172,0.211656
1.5688e-02,2.83688,0.21325
1.5752e-02,2.84703,0.209625
1.5816e-02,2.84688,0.211125
1.5880e-02,2.85047,0.211047
1.5944e-02,2.83984,0.208563
1.6008e-02,2.82438,0.210063
1.6072e-02,2.79891,0.209078
1.6136e-02,2.77609,0.204469
1.6200e-02,2.73719,0.207469
1.6264e-02,2.69266,0.204844
1.6328e-02,2.65078,0.204406
1.6392e-02,2.60594,0.203406
1.6456e-02,2.55563,0.201578
1.6520e-02,2.50328,0.200922
1.6584e-02,2.44813,0.198172
1.6648e-02,2.39219,0.198266
1.6712e-02,2.33047,0.197859
1.6776e-02,2.26672,0.193844
1.6840e-02,2.20609,0.195469
1.6904e-02,2.12797,0.190984
1.6968e-02,2.06031,0.191016
1.7032e-02,1.98984,0.190047
1.7096e-02,1.92344,0.186234
1.7160e-02,1.86484,0.185844
1.7224e-02,1.80125,0.183922
1.7288e-02,1.74156,0.181984
1.7352e-02,1.67719,0.178359
1.7416e-02,1.61406,0.177859
1.7480e-02,1.55797,0.176281
1.7544e-02,1.49703,0.173313
1.7608e-02,1.43719,0.172172
1.7672e-02,1.37844,0.168406
1.7736e-02,1.32656,0.166375
1.7800e-02,1.27453,0.163719
1.7864e-02,1.21672,0.162328
1.7928e-02,1.15922,0.157875
1.7992e-02,1.11672,0.156016
1.8056e-02,1.06359,0.153656
1.8120e-02,1.01813,0.151797
1.8184e-02,0.967188,0.147234
1.8248e-02,0.922031,0.144406
1.8312e-02,0.881406,0.142047
1.8376e-02,0.834688,0.139094
1.8440e-02,0.781719,0.136719
1.8504e-02,0.744063,0.133
1.8568e-02,0.705,0.128844
1.8632e-02,0.659844,0.127656
1.8696e-02,0.619375,0.124781
1.8760e-02,0.570781,0.123109
1.8824e-02,0.530625,0.117516
1.8888e-02,0.491875,0.111781
1.8952e-02,0.447188,0.111047
1.9016e-02,0.412344,0.107047
1.9080e-02,0.383125,0.103984
1.9144e-02,0.349219,0.100469
1.9208e-02,0.301719,0.097
1.9272e-02,0.277031,0.0944844
1.9336e-02,0.236563,0.0914531
1.9400e-02,0.20125,0.0871563
1.9464e-02,0.166875,0.0827813
1.9528e-02,0.142656,0.0773125
1.9592e-02,0.111875,0.0750156
1.9656e-02,0.0770313,0.0707656
1.9720e-02,0.045,0.0670938
1.9784e-02,0.00937501,0.0640313
1.9848e-02,-0.0157812,0.0577813
1.9912e-02,-0.05125,0.0556406
1.9976e-02,-0.0773437,0.0512344
2.0040e-02,-0.113281,0.0461406
2.0104e-02,-0.135937,0.0438906
2.0168e-02,-0.163906,0.0384375
2.0232e-02,-0.19625,0.0342813
2.0296e-02,-0.228437,0.0303906
2.0360e-02,-0.255156,0.0251875
2.0424e-02,-0.27875,0.0203281
2.0488e-02,-0.316875,0.0179844
2.0552e-02,-0.329219,0.0133906
2.0616e-02,-0.36125,0.0102031
2.0680e-02,-0.392187,0.00517187
2.0744e-02,-0.40625,0.00117187
2.0808e-02,-0.437656,-0.00340625
2.0872e-02,-0.467812,-0.00771875
2.0936e-02,-0.482969,-0.0105781
2.1000e-02,-0.507031,-0.0156875
2.1064e-02,-0.5375,-0.0185156
2.1128e-02,-0.55875,-0.0247188
2.1192e-02,-0.585937,-0.0295313
2.1256e-02,-0.607656,-0.03325
2.1320e-02,-0.63875,-0.0377188
2.1384e-02,-0.658281,-0.0416406
2.1448e-02,-0.686875,-0.046
2.1512e-02,-0.708594,-0.0501563
2.1576e-02,-0.740625,-0.0533281
2.1640e-02,-0.75875,-0.0572188
2.1704e-02,-0.789062,-0.0617969
2.1768e-02,-0.807812,-0.064625
2.1832e-02,-0.836719,-0.0696563
2.1896e-02,-0.860469,-0.0721094
2.1960e-02,-0.885625,-0.0755625
2.2024e-02,-0.912812,-0.0810938
2.2088e-02,-0.934219,-0.08475
2.2152e-02,-0.959375,-0.0880313
2.2216e-02,-0.984844,-0.0918438
2.2280e-02,-1.00391,-0.0958906
2.2344e-02,-1.03812,-0.101359
2.2408e-02,-1.05328,-0.104531
2.2472e-02,-1.07875,-0.108438
2.2536e-02,-1.10734,-0.111516
2.2600e-02,-1.12328,-0.116313
2.2664e-02,-1.16266,-0.118625
2.2728e-02,-1.18328,-0.121984
2.2792e-02,-1.20734,-0.127
2.2856e-02,-1.23875,-0.1295
2.2920e-02,-1.26625,-0.133047
2.2984e-02,-1.29,-0.137734
2.3048e-02,-1.32109,-0.139875
2.3112e-02,-1.35641,-0.144641
2.3176e-02,-1.39187,-0.147719
2.3240e-02,-1.41172,-0.150969
2.3304e-02,-1.44109,-0.154594
2.3368e-02,-1.47703,-0.157391
2.3432e-02,-1.49469,-0.160578
2.3496e-02,-1.53234,-0.16325
2.3560e-02,-1.55844,-0.167141
2.3624e-02,-1.59594,-0.169797
2.3688e-02,-1.61437,-0.172688
2.3752e-02,-1.65516,-0.175219
2.3816e-02,-1.69328,-0.177016
2.3880e-02,-1.72844,-0.179156
2.3944e-02,-1.77156,-0.183188
2.4008e-02,-1.80578,-0.18525
2.4072e-02,-1.84687,-0.187
2.4136e-02,-1.89047,-0.188953
2.4200e-02,-1.935,-0.189781
2.4264e-02,-1.97047,-0.192188
2.4328e-02,-2.01344,-0.195
2.4392e-02,-2.05531,-0.196938
2.4456e-02,-2.10828,-0.198734
2.4520e-02,-2.15047,-0.201344
2.4584e-02,-2.18797,-0.202453
2.4648e-02,-2.23641,-0.203766
2.4712e-02,-2.28109,-0.204094
2.4776e-02,-2.32531,-0.206422
2.4840e-02,-2.36703,-0.207969
2.4904e-02,-2.41906,-0.207719
2.4968e-02,-2.46906,-0.209938
2.5032e-02,-2.51156,-0.209578
2.5096e-02,-2.565,-0.211391
2.5160e-02,-2.60687,-0.210344
2.5224e-02,-2.65031,-0.211469
2.5288e-02,-2.69,-0.211672
2.5352e-02,-2.71875,-0.212609
2.5416e-02,-2.75531,-0.212719
2.5480e-02,-2.78484,-0.213641
2.5544e-02,-2.80344,-0.212313
2.5608e-02,-2.83062,-0.212594
2.5672e-02,-2.83562,-0.212297
2.5736e-02,-2.84703,-0.210484
2.5800e-02,-2.85516,-0.210969
2.5864e-02,-2.84766,-0.211156
2.5928e-02,-2.83875,-0.211656
2.5992e-02,-2.83531,-0.210391
2.6056e-02,-2.81312,-0.209
2.6120e-02,-2.79141,-0.208078
2.6184e-02,-2.75406,-0.207703
2.6248e-02,-2.71687,-0.206938
2.6312e-02,-2.67937,-0.205875
2.6376e-02,-2.62969,-0.203391
2.6440e-02,-2.57781,-0.205172
2.6504e-02,-2.51547,-0.2025
2.6568e-02,-2.46234,-0.200563
2.6632e-02,-2.40344,-0.198328
2.6696e-02,-2.34906,-0.196797
2.6760e-02,-2.29406,-0.194875
2.6824e-02,-2.22922,-0.193344
2.6888e-02,-2.16641,-0.192609
2.6952e-02,-2.09875,-0.190688
2.7016e-02,-2.03687,-0.188766
2.7080e-02,-1.96078,-0.187031
2.7144e-02,-1.90172,-0.183875
2.7208e-02,-1.83672,-0.181875
2.7272e-02,-1.76312,-0.182016
2.7336e-02,-1.69391,-0.180969
2.7400e-02,-1.63062,-0.177906
2.7464e-02,-1.5775,-0.175234
2.7528e-02,-1.51828,-0.173781
2.7592e-02,-1.46859,-0.172766
2.7656e-02,-1.40516,-0.170875
2.7720e-02,-1.36109,-0.169938
2.7784e-02,-1.30703,-0.163094
2.7848e-02,-1.24516,-0.163078
2.7912e-02,-1.20047,-0.16075
2.7976e-02,-1.13922,-0.157781
2.8040e-02,-1.09547,-0.156141
2.8104e-02,-1.05,-0.154
2.8168e-02,-0.998281,-0.150781
2.8232e-02,-0.95625,-0.147156
2.8296e-02,-0.921094,-0.14475
2.8360e-02,-0.872969,-0.141313
2.8424e-02,-0.823437,-0.139063
2.8488e-02,-0.778125,-0.135281
2.8552e-02,-0.744531,-0.134578
2.8616e-02,-0.686562,-0.12975
2.8680e-02,-0.64625,-0.126953
2.8744e-02,-0.600625,-0.122906
2.8808e-02,-0.562344,-0.119438
2.8872e-02,-0.528437,-0.117
2.8936e-02,-0.484687,-0.113609
2.9000e-02,-0.457812,-0.109625
2.9064e-02,-0.429375,-0.106453
2.9128e-02,-0.394219,-0.102188
2.9192e-02,-0.354062,-0.0978281
2.9256e-02,-0.320469,-0.0958594
2.9320e-02,-0.281562,-0.0938594
2.9384e-02,-0.247656,-0.0879844
2.9448e-02,-0.22,-0.0846406
2.9512e-02,-0.195156,-0.0802656
2.9576e-02,-0.156094,-0.07625
2.9640e-02,-0.131719,-0.072
2.9704e-02,-0.0914062,-0.0695625
2.9768e-02,-0.063125,-0.0647188
2.9832e-02,-0.0314062,-0.0600781
2.9896e-02,0.00125001,-0.056875
2.9960e-02,0.0364063,-0.0537188
3.0024e-02,0.056875,-0.0503438
3.0088e-02,0.0892188,-0.0454688
3.0152e-02,0.118125,-0.0426563
3.0216e-02,0.152188,-0.0385313
3.0280e-02,0.175313,-0.03375
3.0344e-02,0.20125,-0.0281406
3.0408e-02,0.2375,-0.0243281
3.0472e-02,0.260625,-0.0207813
3.0536e-02,0.283906,-0.0155
3.0600e-02,0.318906,-0.0103594
3.0664e-02,0.345938,-0.00775
3.0728e-02,0.369375,-0.00304688
3.0792e-02,0.398906,0.000953125
3.0856e-02,0.425469,0.00507812
3.0920e-02,0.449375,0.0093125
3.0984e-02,0.478281,0.0124375
3.1048e-02,0.504531,0.0165781
3.1112e-02,0.525938,0.0213125
3.1176e-02,0.557969,0.0268906
3.1240e-02,0.576719,0.0291563
3.1304e-02,0.605625,0.0324688
3.1368e-02,0.637188,0.0383594
3.1432e-02,0.653281,0.0438125
3.1496e-02,0.68625,0.0463281
3.1560e-02,0.710781,0.05125
3.1624e-02,0.724375,0.0538594
3.1688e-02,0.757031,0.05925
3.1752e-02,0.772813,0.0636406
3.1816e-02,0.801875,0.0676563
3.1880e-02,0.829063,0.0701719
3.1944e-02,0.851875,0.0737188
3.2008e-02,0.879531,0.0790313
3.2072e-02,0.900781,0.0831875
3.2136e-02,0.921719,0.0872188
3.2200e-02,0.949375,0.0896719
3.2264e-02,0.974688,0.0940938
3.2328e-02,1.00078,0.0980625
3.2392e-02,1.02719,0.102406
3.2456e-02,1.05063,0.106313
3.2520e-02,1.08297,0.108438
3.2584e-02,1.10094,0.112516
3.2648e-02,1.13297,0.116047
3.2712e-02,1.16125,0.119844
3.2776e-02,1.18469,0.123531
3.2840e-02,1.20563,0.127313
3.2904e-02,1.24469,0.129734
3.2968e-02,1.27391,0.134734
3.3032e-02,1.29672,0.136688
3.3096e-02,1.32781,0.141063
3.3160e-02,1.35922,0.143188
3.3224e-02,1.39688,0.148984
3.3288e-02,1.42422,0.150938
3.3352e-02,1.45219,0.156656
3.3416e-02,1.49344,0.158578
3.3480e-02,1.51375,0.161234
3.3544e-02,1.54969,0.165203
3.3608e-02,1.56938,0.168328
3.3672e-02,1.60766,0.170969
3.3736e-02,1.64563,0.173297
3.3800e-02,1.67469,0.176266
3.3864e-02,1.71547,0.177656
3.3928e-02,1.75531,0.181344
3.3992e-02,1.78047,0.181516
3.4056e-02,1.81219,0.186172
3.4120e-02,1.84719,0.187922
3.4184e-02,1.88766,0.190672
3.4248e-02,1.93297,0.1925
3.4312e-02,1.97234,0.193766
3.4376e-02,2.02797,0.196188
3.4440e-02,2.07094,0.197031
3.4504e-02,2.11516,0.199906
3.4568e-02,2.16375,0.201078
3.4632e-02,2.21891,0.20225
3.4696e-02,2.25969,0.205281
3.4760e-02,2.30828,0.205344
3.4824e-02,2.35938,0.207125
3.4888e-02,2.40125,0.206875
3.4952e-02,2.44422,0.206484
3.5016e-02,2.50328,0.210703
3.5080e-02,2.54609,0.210109
3.5144e-02,2.58484,0.210844
3.5208e-02,2.62797,0.209875
3.5272e-02,2.67031,0.2105
3.5336e-02,2.70375,0.212609
3.5400e-02,2.735,0.210781
3.5464e-02,2.76781,0.212359
3.5528e-02,2.80078,0.212016
3.5592e-02,2.82016,0.211266
3.5656e-02,2.83516,0.213875
3.5720e-02,2.84578,0.211328
3.5784e-02,2.84594,0.210969
3.5848e-02,2.85047,0.210344
3.5912e-02,2.84922,0.209391
3.5976e-02,2.84109,0.209328
3.6040e-02,2.81984,0.208094
3.6104e-02,2.79422,0.209203
3.6168e-02,2.76125,0.207297
3.6232e-02,2.7225,0.206156
3.6296e-02,2.68125,0.204531
3.6360e-02,2.63375,0.203547
3.6424e-02,2.58797,0.203563
3.6488e-02,2.53406,0.201172
3.6552e-02,2.48078,0.200734
3.6616e-02,2.42313,0.198797
3.6680e-02,2.3675,0.197656
3.6744e-02,2.30719,0.195906
3.6808e-02,2.23891,0.194516
3.6872e-02,2.17422,0.193969
3.6936e-02,2.10141,0.190813
3.7000e-02,2.03063,0.190625
3.7064e-02,1.95672,0.187875
3.7128e-02,1.89938,0.184172
3.7192e-02,1.82859,0.184766
3.7256e-02,1.77203,0.181656
3.7320e-02,1.71891,0.180609
3.7384e-02,1.65078,0.178141
3.7448e-02,1.59531,0.177063
3.7512e-02,1.52859,0.174953
3.7576e-02,1.47594,0.171391
3.7640e-02,1.41078,0.169672
3.7704e-02,1.35672,0.166984
3.7768e-02,1.29844,0.165719
3.7832e-02,1.24563,0.163219
3.7896e-02,1.1975,0.160391
3.7960e-02,1.14422,0.159422
3.8024e-02,1.09031,0.156391
3.8088e-02,1.0425,0.1525
3.8152e-02,0.994844,0.149484
3.8216e-02,0.950938,0.146016
3.8280e-02,0.899688,0.144578
3.8344e-02,0.855469,0.142
3.8408e-02,0.817188,0.138938
3.8472e-02,0.762969,0.135359
3.8536e-02,0.724844,0.131656
3.8600e-02,0.681719,0.130234
3.8664e-02,0.64125,0.126891
3.8728e-02,0.592813,0.122438
3.8792e-02,0.562344,0.11925
3.8856e-02,0.518125,0.117297
3.8920e-02,0.478125,0.114172
3.8984e-02,0.438906,0.110047
3.9048e-02,0.402969,0.105641
3.9112e-02,0.364688,0.104156
3.9176e-02,0.327656,0.0999063
3.9240e-02,0.28875,0.0968438
3.9304e-02,0.256719,0.0927656
3.9368e-02,0.229688,0.0893281
3.9432e-02,0.196875,0.0855781
3.9496e-02,0.156406,0.0809063
3.9560e-02,0.123281,0.0771875
3.9624e-02,0.09,0.0734844
3.9688e-02,0.0609375,0.0681563
3.9752e-02,0.0364063,0.0657344
3.9816e-02,0.00125001,0.0624844
3.9880e-02,-0.0354687,0.0589375
3.9944e-02,-0.0596875,0.0543281
4.0008e-02,-0.0907812,0.0513438
4.0072e-02,-0.120469,0.0467656
4.0136e-02,-0.158437,0.0406719
4.0200e-02,-0.180781,0.036625
4.0264e-02,-0.21125,0.0339688
4.0328e-02,-0.24125,0.0284219
4.0392e-02,-0.26625,0.0240469
4.0456e-02,-0.290625,0.0198906
4.0520e-02,-0.322344,0.0159844
4.0584e-02,-0.351719,0.0123438
4.0648e-02,-0.368906,0.00754687
4.0712e-02,-0.39875,0.00385937
4.0776e-02,-0.425156,-9.37501e-05
4.0840e-02,-0.446875,-0.004875
4.0904e-02,-0.472656,-0.00770313
4.0968e-02,-0.490469,-0.0124063
4.1032e-02,-0.519687,-0.018125
4.1096e-02,-0.548125,-0.0209688
4.1160e-02,-0.566719,-0.0261563
4.1224e-02,-0.598281,-0.0313594
4.1288e-02,-0.625469,-0.0348125
4.1352e-02,-0.642656,-0.0394844
4.1416e-02,-0.667969,-0.0436094
4.1480e-02,-0.688281,-0.0483438
4.1544e-02,-0.721094,-0.0510938
4.1608e-02,-0.751406,-0.0558906
4.1672e-02,-0.769687,-0.0590469
4.1736e-02,-0.797187,-0.0621719
4.1800e-02,-0.822344,-0.0667031
4.1864e-02,-0.845312,-0.0716563
4.1928e-02,-0.873594,-0.0754531
4.1992e-02,-0.896562,-0.0785938
4.2056e-02,-0.921094,-0.0825
4.2120e-02,-0.9475,-0.0874531
4.2184e-02,-0.961094,-0.0889844
4.2248e-02,-0.997187,-0.0953594
4.2312e-02,-1.00828,-0.0989375
4.2376e-02,-1.04391,-0.100594
4.2440e-02,-1.07203,-0.104531
4.2504e-02,-1.09047,-0.109828
4.2568e-02,-1.11875,-0.112109
4.2632e-02,-1.13781,-0.116906
4.2696e-02,-1.165,-0.119516
4.2760e-02,-1.19531,-0.123313
4.2824e-02,-1.22234,-0.127594
4.2888e-02,-1.25219,-0.131766
4.2952e-02,-1.27687,-0.135016
4.3016e-02,-1.31312,-0.138609
4.3080e-02,-1.33766,-0.142359
4.3144e-02,-1.36266,-0.146234
4.3208e-02,-1.40203,-0.149578
4.3272e-02,-1.43297,-0.152359
4.3336e-02,-1.46,-0.155094
4.3400e-02,-1.48281,-0.158734
4.3464e-02,-1.51422,-0.162016
4.3528e-02,-1.53672,-0.166266
4.3592e-02,-1.56641,-0.168313
4.3656e-02,-1.60359,-0.171281
4.3720e-02,-1.63906,-0.173625
4.3784e-02,-1.67672,-0.176078
4.3848e-02,-1.70687,-0.178703
4.3912e-02,-1.74578,-0.182
4.3976e-02,-1.78734,-0.182016
4.4040e-02,-1.82422,-0.186984
4.4104e-02,-1.8675,-0.186813
4.4168e-02,-1.90625,-0.190453
4.4232e-02,-1.94562,-0.192141
4.4296e-02,-1.99141,-0.194219
4.4360e-02,-2.03594,-0.196094
4.4424e-02,-2.07094,-0.198359
4.4488e-02,-2.12109,-0.199453
4.4552e-02,-2.16484,-0.201828
4.4616e-02,-2.20484,-0.202844
4.4680e-02,-2.26219,-0.205641
4.4744e-02,-2.30812,-0.206234
4.4808e-02,-2.34781,-0.206469
4.4872e-02,-2.39266,-0.207438
4.4936e-02,-2.44234,-0.208375
4.5000e-02,-2.48328,-0.2105
4.5064e-02,-2.52484,-0.209828
4.5128e-02,-2.58531,-0.212375
4.5192e-02,-2.62125,-0.212359
4.5256e-02,-2.66812,-0.210313
4.5320e-02,-2.70594,-0.212734
4.5384e-02,-2.73859,-0.213234
4.5448e-02,-2.76469,-0.212031
4.5512e-02,-2.795,-0.21275
4.5576e-02,-2.81203,-0.213266
4.5640e-02,-2.83312,-0.213438
4.5704e-02,-2.84578,-0.214672
4.5768e-02,-2.84703,-0.212234
4.5832e-02,-2.85047,-0.212
4.5896e-02,-2.84906,-0.211203
4.5960e-02,-2.84297,-0.210281
4.6024e-02,-2.82453,-0.209344
4.6088e-02,-2.80578,-0.210578
4.6152e-02,-2.78156,-0.208313
4.6216e-02,-2.73969,-0.207688
4.6280e-02,-2.69562,-0.206734
4.6344e-02,-2.65359,-0.205719
4.6408e-02,-2.60547,-0.204016
4.6472e-02,-2.55641,-0.202609
4.6536e-02,-2.49812,-0.201516
4.6600e-02,-2.44359,-0.198953
4.6664e-02,-2.38625,-0.198594
4.6728e-02,-2.32547,-0.196578
4.6792e-02,-2.26625,-0.195219
4.6856e-02,-2.20453,-0.193609
4.6920e-02,-2.13844,-0.192688
4.6984e-02,-2.0775,-0.190734
4.7048e-02,-2.00609,-0.187672
4.7112e-02,-1.94453,-0.186625
4.7176e-02,-1.87469,-0.184781
4.7240e-02,-1.80281,-0.183078
4.7304e-02,-1.73516,-0.181516
4.7368e-02,-1.67641,-0.180328
4.7432e-02,-1.60891,-0.176984
4.7496e-02,-1.55516,-0.176781
4.7560e-02,-1.49875,-0.174359
4.7624e-02,-1.4425,-0.171031
4.7688e-02,-1.39328,-0.169281
4.7752e-02,-1.33859,-0.166953
4.7816e-02,-1.28109,-0.165047
4.7880e-02,-1.23,-0.161438
4.7944e-02,-1.17281,-0.159188
4.8008e-02,-1.12469,-0.159313
4.8072e-02,-1.07734,-0.154656
4.8136e-02,-1.03469,-0.152703
4.8200e-02,-0.991719,-0.149156
4.8264e-02,-0.948281,-0.147578
4.8328e-02,-0.899844,-0.144719
4.8392e-02,-0.850781,-0.139672
4.8456e-02,-0.802344,-0.137391
4.8520e-02,-0.761094,-0.134688
4.8584e-02,-0.720469,-0.131438
4.8648e-02,-0.671719,-0.127313
4.8712e-02,-0.635625,-0.126391
4.8776e-02,-0.591094,-0.122484
4.8840e-02,-0.550625,-0.118703
4.8904e-02,-0.5125,-0.115422
4.8968e-02,-0.478125,-0.113953
4.9032e-02,-0.442344,-0.108453
4.9096e-02,-0.406875,-0.104828
4.9160e-02,-0.373437,-0.101453
4.9224e-02,-0.345937,-0.0989219
4.9288e-02,-0.312187,-0.0935313
4.9352e-02,-0.275156,-0.0918594
4.9416e-02,-0.241562,-0.0883594
4.9480e-02,-0.207187,-0.0834063
4.9544e-02,-0.173594,-0.079
4.9608e-02,-0.146406,-0.0766563
4.9672e-02,-0.115625,-0.071
4.9736e-02,-0.0828125,-0.0680469
4.9800e-02,-0.046875,-0.0641094
4.9864e-02,-0.02,-0.0594375
4.9928e-02,0.0103125,-0.0553906
4.9992e-02,0.04125,-0.0528594
5.0056e-02,0.0759375,-0.0471563
5.0120e-02,0.0998438,-0.0442656
5.0184e-02,0.131875,-0.0410469
5.0248e-02,0.161563,-0.0370625
5.0312e-02,0.190625,-0.0321563
5.0376e-02,0.211094,-0.0272344
5.0440e-02,0.23875,-0.0225313
5.0504e-02,0.276563,-0.0193594
5.0568e-02,0.291406,-0.0147031
5.0632e-02,0.32875,-0.00932813
5.0696e-02,0.359688,-0.00526563
5.0760e-02,0.383438,-0.00084375
5.0824e-02,0.404063,0.0023125
5.0888e-02,0.435625,0.00610937
5.0952e-02,0.465313,0.00982813
5.1016e-02,0.493906,0.0156406
5.1080e-02,0.517813,0.0185781
5.1144e-02,0.546563,0.0232969
5.1208e-02,0.558906,0.0271719
5.1272e-02,0.592656,0.0317031
5.1336e-02,0.617031,0.0349375
5.1400e-02,0.637813,0.0402656
5.1464e-02,0.673281,0.0448125
5.1528e-02,0.687344,0.04875
5.1592e-02,0.72125,0.0514844
5.1656e-02,0.737813,0.0563125
5.1720e-02,0.764063,0.0592656
5.1784e-02,0.794531,0.0646563
5.1848e-02,0.812031,0.0691719
5.1912e-02,0.836563,0.0720625
5.1976e-02,0.866406,0.0762813
5.2040e-02,0.886094,0.0803438
5.2104e-02,0.915156,0.0850313
5.2168e-02,0.932656,0.0874688
5.2232e-02,0.962813,0.0905938
5.2296e-02,0.98875,0.095875
5.2360e-02,1.00781,0.0990625
5.2424e-02,1.03688,0.103031
5.2488e-02,1.0625,0.107297
5.2552e-02,1.08281,0.109953
5.2616e-02,1.11313,0.114078
5.2680e-02,1.14563,0.117188
5.2744e-02,1.16125,0.121625
5.2808e-02,1.19906,0.124594
5.2872e-02,1.22734,0.127391
5.2936e-02,1.24688,0.131984
5.3000e-02,1.28266,0.135188
5.3064e-02,1.31375,0.139031
5.3128e-02,1.34609,0.142609
5.3192e-02,1.36375,0.144781
5.3256e-02,1.40578,0.150422
5.3320e-02,1.43813,0.152781
5.3384e-02,1.47297,0.156938
5.3448e-02,1.49203,0.159203
5.3512e-02,1.52766,0.162047
5.3576e-02,1.55234,0.167188
5.3640e-02,1.59469,0.168781
5.3704e-02,1.62234,0.171234
5.3768e-02,1.65531,0.174719
5.3832e-02,1.68281,0.177328
5.3896e-02,1.72859,0.177953
5.3960e-02,1.75563,0.181172
5.4024e-02,1.79813,0.184547
5.4088e-02,1.83188,0.187188
5.4152e-02,1.87469,0.188031
5.4216e-02,1.91672,0.190609
5.4280e-02,1.94531,0.193078
5.4344e-02,1.99891,0.194594
5.4408e-02,2.04875,0.196844
5.4472e-02,2.08266,0.197344
5.4536e-02,2.13297,0.200141
5.4600e-02,2.18281,0.202125
5.4664e-02,2.23672,0.204391
5.4728e-02,2.27891,0.205203
5.4792e-02,2.32719,0.205891
5.4856e-02,2.38281,0.206
5.4920e-02,2.42625,0.208938
5.4984e-02,2.46875,0.209719
5.5048e-02,2.52563,0.209828
5.5112e-02,2.56141,0.211516
5.5176e-02,2.60313,0.210484
5.5240e-02,2.64125,0.211578
5.5304e-02,2.68281,0.211719
5.5368e-02,2.72375,0.211609
5.5432e-02,2.75406,0.2125
5.5496e-02,2.78438,0.211688
5.5560e-02,2.80313,0.210781
5.5624e-02,2.82828,0.211719
5.5688e-02,2.84203,0.210734
5.5752e-02,2.85266,0.211422
5.5816e-02,2.84953,0.210563
5.5880e-02,2.85078,0.210563
5.5944e-02,2.84906,0.210234
5.6008e-02,2.83531,0.209391
5.6072e-02,2.80656,0.208281
5.6136e-02,2.78625,0.206453
5.6200e-02,2.74797,0.206953
5.6264e-02,2.70547,0.205891
5.6328e-02,2.66391,0.204141
5.6392e-02,2.60906,0.203188
5.6456e-02,2.56797,0.201969
5.6520e-02,2.51969,0.201719
5.6584e-02,2.45375,0.198672
5.6648e-02,2.40203,0.197891
5.6712e-02,2.34109,0.196563
5.6776e-02,2.27484,0.194813
5.6840e-02,2.21578,0.193656
5.6904e-02,2.14359,0.192797
5.6968e-02,2.07516,0.190922
5.7032e-02,2.00719,0.188531
5.7096e-02,1.93281,0.185781
5.7160e-02,1.87563,0.184797
5.7224e-02,1.80469,0.183938
5.7288e-02,1.75438,0.181469
5.7352e-02,1.685,0.17825
5.7416e-02,1.62734,0.178406
5.7480e-02,1.57,0.175234
5.7544e-02,1.51078,0.173
5.7608e-02,1.44703,0.172656
5.7672e-02,1.38797,0.168078
5.7736e-02,1.33344,0.167
5.7800e-02,1.28281,0.16325
5.7864e-02,1.22828,0.162219
5.7928e-02,1.17219,0.159563
5.7992e-02,1.12703,0.157266
5.8056e-02,1.07328,0.153922
5.8120e-02,1.02625,0.150625
5.8184e-02,0.973438,0.148938
5.8248e-02,0.93,0.144984
5.8312e-02,0.888281,0.144844
5.8376e-02,0.838906,0.140625
5.8440e-02,0.796875,0.137891
5.8504e-02,0.755469,0.133094
5.8568e-02,0.717813,0.130797
5.8632e-02,0.670781,0.127922
5.8696e-02,0.627031,0.124125
5.8760e-02,0.586719,0.122703
5.8824e-02,0.539531,0.118469
5.8888e-02,0.509531,0.114938
5.8952e-02,0.470781,0.112578
5.9016e-02,0.427813,0.108359
5.9080e-02,0.388438,0.107422
5.9144e-02,0.35875,0.10225
5.9208e-02,0.31375,0.0983594
5.9272e-02,0.27875,0.0966094
5.9336e-02,0.2425,0.0909531
5.9400e-02,0.211094,0.0874531
5.9464e-02,0.183906,0.0835469
5.9528e-02,0.15375,0.0793125
5.9592e-02,0.118906,0.0747656
5.9656e-02,0.0789063,0.0707656
5.9720e-02,0.04375,0.0692188
5.9784e-02,0.0209375,0.0629844
5.9848e-02,-0.00812499,0.0600156
5.9912e-02,-0.0410937,0.05575
5.9976e-02,-0.0773437,0.052
6.0040e-02,-0.106719,0.04775
6.0104e-02,-0.126875,0.0435
6.0168e-02,-0.162969,0.0398438
6.0232e-02,-0.195937,0.0358438
6.0296e-02,-0.225625,0.0314375
6.0360e-02,-0.242969,0.0260469
6.0424e-02,-0.281094,0.0232188
6.0488e-02,-0.305312,0.0180313
6.0552e-02,-0.327656,0.0137813
6.0616e-02,-0.35875,0.00978125
6.0680e-02,-0.388906,0.00642187
6.0744e-02,-0.409375,0.00271875
6.0808e-02,-0.436719,-0.00165625
6.0872e-02,-0.453125,-0.00504688
6.0936e-02,-0.480312,-0.0107031
6.1000e-02,-0.506562,-0.01475
6.1064e-02,-0.532031,-0.0188125
6.1128e-02,-0.553594,-0.022625
6.1192e-02,-0.581094,-0.0274375
6.1256e-02,-0.607031,-0.0313281
6.1320e-02,-0.635937,-0.0357813
6.1384e-02,-0.648906,-0.0411875
6.1448e-02,-0.672031,-0.0452188
6.1512e-02,-0.702656,-0.0486875
6.1576e-02,-0.732031,-0.0516406
6.1640e-02,-0.75625,-0.0558906
6.1704e-02,-0.78375,-0.0604844
6.1768e-02,-0.802969,-0.0645625
6.1832e-02,-0.834687,-0.0674688
6.1896e-02,-0.855469,-0.0725469
6.1960e-02,-0.881094,-0.075375
6.2024e-02,-0.903906,-0.0788594
6.2088e-02,-0.928906,-0.0845
6.2152e-02,-0.957344,-0.0890781
6.2216e-02,-0.970469,-0.09275
6.2280e-02,-1.00141,-0.0959531
6.2344e-02,-1.02812,-0.0992344
6.2408e-02,-1.05125,-0.103234
6.2472e-02,-1.07641,-0.106594
6.2536e-02,-1.10016,-0.110828
6.2600e-02,-1.12109,-0.114344
6.2664e-02,-1.15016,-0.118641
6.2728e-02,-1.17859,-0.122484
6.2792e-02,-1.20109,-0.125984
6.2856e-02,-1.23406,-0.128938
6.2920e-02,-1.25766,-0.13325
6.2984e-02,-1.285,-0.135859
6.3048e-02,-1.31875,-0.140047
6.3112e-02,-1.35312,-0.143469
6.3176e-02,-1.37844,-0.146547
6.3240e-02,-1.40594,-0.150609
6.3304e-02,-1.44109,-0.153688
6.3368e-02,-1.47437,-0.157438
6.3432e-02,-1.49516,-0.161297
6.3496e-02,-1.51937,-0.163672
6.3560e-02,-1.55344,-0.166719
6.3624e-02,-1.58359,-0.168875
6.3688e-02,-1.61406,-0.171297
6.3752e-02,-1.64937,-0.174578
6.3816e-02,-1.68687,-0.17725
6.3880e-02,-1.72328,-0.179375
6.3944e-02,-1.76234,-0.180359
6.4008e-02,-1.80031,-0.184688
6.4072e-02,-1.83906,-0.184734
6.4136e-02,-1.87875,-0.188938
6.4200e-02,-1.91859,-0.190906
6.4264e-02,-1.96109,-0.191969
6.4328e-02,-2.00109,-0.194469
6.4392e-02,-2.04328,-0.196828
6.4456e-02,-2.09109,-0.197719
6.4520e-02,-2.13906,-0.202031
6.4584e-02,-2.17891,-0.202016
6.4648e-02,-2.22812,-0.203906
6.4712e-02,-2.27641,-0.204641
6.4776e-02,-2.31875,-0.205406
6.4840e-02,-2.36109,-0.205703
6.4904e-02,-2.40547,-0.209234
6.4968e-02,-2.45937,-0.210406
6.5032e-02,-2.50359,-0.210922
6.5096e-02,-2.55281,-0.210078
6.5160e-02,-2.60125,-0.211281
6.5224e-02,-2.64109,-0.212094
6.5288e-02,-2.68031,-0.213578
6.5352e-02,-2.72312,-0.212484
6.5416e-02,-2.75406,-0.211531
6.5480e-02,-2.78,-0.213531
6.5544e-02,-2.79875,-0.213156
6.5608e-02,-2.8225,-0.213219
6.5672e-02,-2.83625,-0.214188
6.5736e-02,-2.84609,-0.210453
6.5800e-02,-2.85516,-0.212828
6.5864e-02,-2.85312,-0.211766
6.5928e-02,-2.84797,-0.210688
6.5992e-02,-2.83875,-0.209531
6.6056e-02,-2.81984,-0.209328
6.6120e-02,-2.79922,-0.209578
6.6184e-02,-2.7625,-0.207547
6.6248e-02,-2.72734,-0.206938
6.6312e-02,-2.68359,-0.205156
6.6376e-02,-2.63672,-0.204859
6.6440e-02,-2.58922,-0.20275
6.6504e-02,-2.52922,-0.202813
6.6568e-02,-2.47672,-0.200688
6.6632e-02,-2.41578,-0.199125
6.6696e-02,-2.35875,-0.197172
6.6760e-02,-2.30359,-0.196141
6.6824e-02,-2.23859,-0.195547
6.6888e-02,-2.17437,-0.191984
6.6952e-02,-2.11641,-0.191859
6.7016e-02,-2.04125,-0.189406
6.7080e-02,-1.97,-0.188219
6.7144e-02,-1.91391,-0.185672
6.7208e-02,-1.84844,-0.185203
6.7272e-02,-1.78,-0.181906
6.7336e-02,-1.71328,-0.179406
6.7400e-02,-1.64828,-0.179359
6.7464e-02,-1.59359,-0.178547
6.7528e-02,-1.53156,-0.175828
6.7592e-02,-1.47594,-0.172203
6.7656e-02,-1.42437,-0.169984
6.7720e-02,-1.3675,-0.167891
6.7784e-02,-1.31469,-0.164656
6.7848e-02,-1.25453,-0.163891
6.7912e-02,-1.20109,-0.161203
6.7976e-02,-1.15047,-0.15825
6.8040e-02,-1.10922,-0.156109
6.8104e-02,-1.06172,-0.154531
6.8168e-02,-1.01187,-0.151563
6.8232e-02,-0.963437,-0.148375
6.8296e-02,-0.927187,-0.146406
6.8360e-02,-0.881094,-0.143641
6.8424e-02,-0.835625,-0.140109
6.8488e-02,-0.793125,-0.136125
6.8552e-02,-0.745625,-0.134344
6.8616e-02,-0.697187,-0.130953
6.8680e-02,-0.651875,-0.127234
6.8744e-02,-0.615625,-0.123688
6.8808e-02,-0.574062,-0.120344
6.8872e-02,-0.535156,-0.115859
6.8936e-02,-0.490312,-0.114563
6.9000e-02,-0.462187,-0.109344
6.9064e-02,-0.435937,-0.107688
6.9128e-02,-0.39875,-0.103578
6.9192e-02,-0.361094,-0.100156
6.9256e-02,-0.327969,-0.09725
6.9320e-02,-0.287344,-0.0933906
6.9384e-02,-0.257969,-0.0906719
6.9448e-02,-0.226094,-0.085
6.9512e-02,-0.194687,-0.08125
6.9576e-02,-0.162344,-0.0779844
6.9640e-02,-0.1275,-0.0731094
6.9704e-02,-0.095,-0.0702031
6.9768e-02,-0.0717187,-0.0651875
6.9832e-02,-0.0325,-0.0617344
6.9896e-02,-0.000624993,-0.0582188
6.9960e-02,0.0292188,-0.0550469
7.0024e-02,0.0459375,-0.0510625
7.0088e-02,0.076875,-0.0458281
7.0152e-02,0.117031,-0.042375
7.0216e-02,0.1425,-0.0374531
7.0280e-02,0.17125,-0.0335
7.0344e-02,0.20375,-0.028625
7.0408e-02,0.228438,-0.0241094
7.0472e-02,0.261875,-0.0199375
7.0536e-02,0.28125,-0.0174375
7.0600e-02,0.309688,-0.0125938
7.0664e-02,0.342344,-0.00759375
7.0728e-02,0.369531,-0.00301563
7.0792e-02,0.393594,0.00075
7.0856e-02,0.416094,0.00454687
7.0920e-02,0.445,0.00857813
7.0984e-02,0.471094,0.0120781
7.1048e-02,0.506094,0.0165313
7.1112e-02,0.523438,0.0203281
7.1176e-02,0.553125,0.0249688
7.1240e-02,0.574688,0.0281094
7.1304e-02,0.60125,0.0339844
7.1368e-02,0.626719,0.0371406
7.1432e-02,0.647188,0.0419063
7.1496e-02,0.678438,0.0463594
7.1560e-02,0.705938,0.0497656
7.1624e-02,0.723281,0.0547656
7.1688e-02,0.750625,0.0585156
7.1752e-02,0.766406,0.0614219
7.1816e-02,0.798906,0.0646875
7.1880e-02,0.824375,0.0692656
7.1944e-02,0.845313,0.0738906
7.2008e-02,0.876719,0.0780938
7.2072e-02,0.899688,0.0818125
7.2136e-02,0.918906,0.0859219
7.2200e-02,0.944844,0.0890625
7.2264e-02,0.970625,0.0926406
7.2328e-02,1.00156,0.096875
7.2392e-02,1.02047,0.102359
7.2456e-02,1.04328,0.104688
7.2520e-02,1.07219,0.107281
7.2584e-02,1.09453,0.113297
7.2648e-02,1.12578,0.116188
7.2712e-02,1.15781,0.120313
7.2776e-02,1.17906,0.122281
7.2840e-02,1.20344,0.126
7.2904e-02,1.24,0.128547
7.2968e-02,1.26422,0.132906
7.3032e-02,1.28828,0.137563
7.3096e-02,1.32188,0.140109
7.3160e-02,1.35891,0.144406
7.3224e-02,1.38109,0.146422
7.3288e-02,1.41828,0.151156
7.3352e-02,1.44828,0.154203
7.3416e-02,1.47891,0.157563
7.3480e-02,1.51172,0.161156
7.3544e-02,1.54422,0.163875
7.3608e-02,1.57563,0.165875
7.3672e-02,1.60125,0.170203
7.3736e-02,1.63891,0.172125
7.3800e-02,1.67469,0.175438
7.3864e-02,1.71719,0.177781
7.3928e-02,1.74359,0.180125
7.3992e-02,1.76781,0.184422
7.4056e-02,1.80906,0.18525
7.4120e-02,1.84375,0.187953
7.4184e-02,1.88125,0.190281
7.4248e-02,1.91922,0.191453
7.4312e-02,1.96969,0.194375
7.4376e-02,2.01,0.195359
7.4440e-02,2.05938,0.196922
7.4504e-02,2.10844,0.199641
7.4568e-02,2.1525,0.201453
7.4632e-02,2.20203,0.202078
7.4696e-02,2.24766,0.204313
7.4760e-02,2.29688,0.205672
7.4824e-02,2.34672,0.206422
7.4888e-02,2.39891,0.207516
7.4952e-02,2.44125,0.209188
7.5016e-02,2.48797,0.208938
7.5080e-02,2.53813,0.208953
7.5144e-02,2.58281,0.211547
7.5208e-02,2.62094,0.210313
7.5272e-02,2.66047,0.209594
7.5336e-02,2.69359,0.210875
7.5400e-02,2.73016,0.212422
7.5464e-02,2.76578,0.213219
7.5528e-02,2.7925,0.212688
7.5592e-02,2.80563,0.211781
7.5656e-02,2.83328,0.211391
7.5720e-02,2.84391,0.210734
7.5784e-02,2.84672,0.211063
7.5848e-02,2.84953,0.211109
7.5912e-02,2.85109,0.210219
7.5976e-02,2.83703,0.209984
7.6040e-02,2.82563,0.209156
7.6104e-02,2.80125,0.208797
7.6168e-02,2.76578,0.206109
7.6232e-02,2.72703,0.20625
7.6296e-02,2.68984,0.205172
7.6360e-02,2.64516,0.204641
7.6424e-02,2.60281,0.202422
7.6488e-02,2.54938,0.202469
7.6552e-02,2.49547,0.199984
7.6616e-02,2.43625,0.198984
7.6680e-02,2.38453,0.197625
7.6744e-02,2.31906,0.197094
7.6808e-02,2.25094,0.195031
7.6872e-02,2.19,0.192672
7.6936e-02,2.12469,0.19225
7.7000e-02,2.05422,0.189359
7.7064e-02,1.97625,0.188828
7.7128e-02,1.91563,0.185875
7.7192e-02,1.84766,0.184797
7.7256e-02,1.78125,0.182859
7.7320e-02,1.72563,0.181078
7.7384e-02,1.66938,0.178922
7.7448e-02,1.59844,0.175891
7.7512e-02,1.54219,0.175531
7.7576e-02,1.48625,0.173172
7.7640e-02,1.43109,0.171625
7.7704e-02,1.36844,0.169094
7.7768e-02,1.32297,0.167109
7.7832e-02,1.26141,0.163797
7.7896e-02,1.20469,0.160828
7.7960e-02,1.15656,0.158453
7.8024e-02,1.10984,0.155219
7.8088e-02,1.05438,0.152906
7.8152e-02,1.00906,0.150047
7.8216e-02,0.956875,0.147516
7.8280e-02,0.915156,0.144953
7.8344e-02,0.869688,0.142063
7.8408e-02,0.825156,0.138453
7.8472e-02,0.776094,0.135703
7.8536e-02,0.728906,0.132688
7.8600e-02,0.700938,0.129719
7.8664e-02,0.654688,0.126188
7.8728e-02,0.604844,0.122625
7.8792e-02,0.564063,0.121047
7.8856e-02,0.526719,0.116391
7.8920e-02,0.484688,0.113859
7.8984e-02,0.447031,0.110891
7.9048e-02,0.405625,0.107797
7.9112e-02,0.374688,0.103266
7.9176e-02,0.333281,0.100594
7.9240e-02,0.293438,0.0973594
7.9304e-02,0.269844,0.0932031
7.9368e-02,0.231563,0.0884688
7.9432e-02,0.198906,0.0861875
7.9496e-02,0.166094,0.0825156
7.9560e-02,0.128281,0.0772969
7.9624e-02,0.099375,0.0743906
7.9688e-02,0.0745313,0.0705313
7.9752e-02,0.04125,0.0671875
7.9816e-02,0.00515626,0.0618594
7.9880e-02,-0.0265625,0.0566406
7.9944e-02,-0.049375,0.0538906
8.0008e-02,-0.0834375,0.0512969
8.0072e-02,-0.11875,0.046
8.0136e-02,-0.146875,0.0415
8.0200e-02,-0.167812,0.0387969
8.0264e-02,-0.199687,0.0342969
8.0328e-02,-0.235,0.0293594
8.0392e-02,-0.263125,0.0251094
8.0456e-02,-0.287969,0.0204375
8.0520e-02,-0.317187,0.016875
8.0584e-02,-0.342344,0.0127969
8.0648e-02,-0.360312,0.00860938
8.0712e-02,-0.392969,0.00484375
8.0776e-02,-0.421406,-0.000296875
8.0840e-02,-0.441094,-0.00242188
8.0904e-02,-0.473125,-0.00721875
8.0968e-02,-0.484844,-0.0114063
8.1032e-02,-0.516719,-0.0163594
8.1096e-02,-0.547031,-0.0205469
8.1160e-02,-0.5625,-0.0244844
8.1224e-02,-0.592031,-0.0299531
8.1288e-02,-0.614531,-0.0340313
8.1352e-02,-0.640937,-0.0392188
8.1416e-02,-0.655781,-0.0415156
8.1480e-02,-0.685312,-0.0464844
8.1544e-02,-0.716719,-0.0501719
8.1608e-02,-0.742187,-0.0537813
8.1672e-02,-0.763281,-0.0579063
8.1736e-02,-0.795781,-0.0610156
8.1800e-02,-0.81,-0.0655156
8.1864e-02,-0.83875,-0.0694688
8.1928e-02,-0.872656,-0.0744375
8.1992e-02,-0.888281,-0.0786719
8.2056e-02,-0.921094,-0.081375
8.2120e-02,-0.935937,-0.0855469
8.2184e-02,-0.963437,-0.0891719
8.2248e-02,-0.985937,-0.0931406
8.2312e-02,-1.00391,-0.0970625
8.2376e-02,-1.0375,-0.101047
8.2440e-02,-1.05844,-0.105688
8.2504e-02,-1.08828,-0.107875
8.2568e-02,-1.11703,-0.111625
8.2632e-02,-1.13141,-0.115109
8.2696e-02,-1.16109,-0.1185
8.2760e-02,-1.19156,-0.122984
8.2824e-02,-1.21219,-0.126609
8.2888e-02,-1.24328,-0.130344
8.2952e-02,-1.27344,-0.1335
8.3016e-02,-1.30203,-0.136563
8.3080e-02,-1.32766,-0.140734
8.3144e-02,-1.36094,-0.146031
8.3208e-02,-1.39187,-0.148547
8.3272e-02,-1.42234,-0.151328
8.3336e-02,-1.4525,-0.154938
8.3400e-02,-1.48109,-0.158578
8.3464e-02,-1.50312,-0.161078
8.3528e-02,-1.53187,-0.16475
8.3592e-02,-1.56453,-0.167516
8.3656e-02,-1.59594,-0.170703
8.3720e-02,-1.62156,-0.173063
8.3784e-02,-1.66937,-0.174828
8.3848e-02,-1.70359,-0.178172
8.3912e-02,-1.73312,-0.179781
8.3976e-02,-1.77844,-0.182719
8.4040e-02,-1.81625,-0.185078
8.4104e-02,-1.84812,-0.187141
8.4168e-02,-1.89906,-0.188734
8.4232e-02,-1.93562,-0.190313
8.4296e-02,-1.97969,-0.193281
8.4360e-02,-2.0175,-0.195469
8.4424e-02,-2.06531,-0.196109
8.4488e-02,-2.11297,-0.198031
8.4552e-02,-2.16109,-0.200188
8.4616e-02,-2.19812,-0.202234
8.4680e-02,-2.24109,-0.204531
8.4744e-02,-2.29047,-0.205922
8.4808e-02,-2.33359,-0.207672
8.4872e-02,-2.37656,-0.208719
8.4936e-02,-2.43484,-0.208719
8.5000e-02,-2.47766,-0.209547
8.5064e-02,-2.52453,-0.210703
8.5128e-02,-2.57375,-0.211391
8.5192e-02,-2.62109,-0.211828
8.5256e-02,-2.65828,-0.21275
8.5320e-02,-2.69516,-0.212234
8.5384e-02,-2.72297,-0.212828
8.5448e-02,-2.76328,-0.211875
8.5512e-02,-2.79266,-0.213344
8.5576e-02,-2.81203,-0.213016
8.5640e-02,-2.83312,-0.213281
8.5704e-02,-2.84719,-0.210844
8.5768e-02,-2.85359,-0.213656
8.5832e-02,-2.85187,-0.211703
8.5896e-02,-2.85859,-0.2115
8.5960e-02,-2.84672,-0.210672
8.6024e-02,-2.83016,-0.209422
8.6088e-02,-2.80969,-0.209969
8.6152e-02,-2.78,-0.208328
8.6216e-02,-2.74875,-0.207625
8.6280e-02,-2.70719,-0.206281
8.6344e-02,-2.67,-0.205156
8.6408e-02,-2.61406,-0.204203
8.6472e-02,-2.56703,-0.202719
8.6536e-02,-2.51297,-0.200922
8.6600e-02,-2.45484,-0.199641
8.6664e-02,-2.39312,-0.198844
8.6728e-02,-2.34469,-0.197781
8.6792e-02,-2.27797,-0.19575
8.6856e-02,-2.21359,-0.193625
8.6920e-02,-2.15406,-0.193719
8.6984e-02,-2.09047,-0.191172
8.7048e-02,-2.02437,-0.188297
8.7112e-02,-1.95484,-0.188172
8.7176e-02,-1.88094,-0.186
8.7240e-02,-1.81906,-0.182641
8.7304e-02,-1.75062,-0.182563
8.7368e-02,-1.68547,-0.180125
8.7432e-02,-1.625,-0.178672
8.7496e-02,-1.56469,-0.176609
8.7560e-02,-1.51312,-0.174859
8.7624e-02,-1.45547,-0.172766
8.7688e-02,-1.3975,-0.168953
8.7752e-02,-1.35047,-0.167438
8.7816e-02,-1.28703,-0.165328
8.7880e-02,-1.23875,-0.162906
8.7944e-02,-1.18437,-0.161531
8.8008e-02,-1.13422,-0.158688
8.8072e-02,-1.09094,-0.155266
8.8136e-02,-1.04109,-0.151453
8.8200e-02,-0.999219,-0.150875
8.8264e-02,-0.953281,-0.144781
8.8328e-02,-0.913281,-0.145125
8.8392e-02,-0.854375,-0.140516
8.8456e-02,-0.816719,-0.139375
8.8520e-02,-0.766719,-0.136844
8.8584e-02,-0.729844,-0.132578
8.8648e-02,-0.680469,-0.130266
8.8712e-02,-0.641094,-0.126734
8.8776e-02,-0.607031,-0.122406
8.8840e-02,-0.55875,-0.119313
8.8904e-02,-0.51875,-0.116109
8.8968e-02,-0.482187,-0.112516
8.9032e-02,-0.447344,-0.109016
8.9096e-02,-0.415781,-0.104906
8.9160e-02,-0.385,-0.102625
8.9224e-02,-0.35,-0.0996875
8.9288e-02,-0.31875,-0.0949688
8.9352e-02,-0.281094,-0.0914219
8.9416e-02,-0.242969,-0.087625
8.9480e-02,-0.209531,-0.0827344
8.9544e-02,-0.182344,-0.0803594
8.9608e-02,-0.1525,-0.0767813
8.9672e-02,-0.116875,-0.0715313
8.9736e-02,-0.0851562,-0.0680625
8.9800e-02,-0.0523437,-0.064125
8.9864e-02,-0.021875,-0.0603594
8.9928e-02,0.000781257,-0.05675
8.9992e-02,0.0389063,-0.0526406
9.0056e-02,0.0675,-0.0504063
9.0120e-02,0.0985938,-0.0459844
9.0184e-02,0.1225,-0.0405625
9.0248e-02,0.157344,-0.0362344
9.0312e-02,0.183594,-0.0329688
9.0376e-02,0.207188,-0.0276719
9.0440e-02,0.231875,-0.0235625
9.0504e-02,0.270781,-0.0187969
9.0568e-02,0.291094,-0.0158594
9.0632e-02,0.323438,-0.0107031
9.0696e-02,0.351406,-0.00595313
9.0760e-02,0.38,-0.002
9.0824e-02,0.398906,0.00104687
9.0888e-02,0.434531,0.00615625
9.0952e-02,0.452969,0.00957813
9.1016e-02,0.479531,0.0133281
9.1080e-02,0.514531,0.0178438
9.1144e-02,0.536719,0.0216875
9.1208e-02,0.55875,0.0269375
9.1272e-02,0.584844,0.030875
9.1336e-02,0.607188,0.0346406
9.1400e-02,0.638906,0.0387344
9.1464e-02,0.66875,0.0433438
9.1528e-02,0.685,0.0475313
9.1592e-02,0.712188,0.0520781
9.1656e-02,0.732813,0.0559063
9.1720e-02,0.756406,0.0591875
9.1784e-02,0.77,0.0645625
9.1848e-02,0.804531,0.067
9.1912e-02,0.824063,0.0719375
9.1976e-02,0.853438,0.0749063
9.2040e-02,0.881563,0.0796719
9.2104e-02,0.905781,0.08375
9.2168e-02,0.925938,0.0874063
9.2232e-02,0.954375,0.0918906
9.2296e-02,0.9775,0.0948125
9.2360e-02,1.00406,0.09875
9.2424e-02,1.03609,0.101703
9.2488e-02,1.05484,0.106688
9.2552e-02,1.07891,0.110063
9.2616e-02,1.11297,0.113875
9.2680e-02,1.12875,0.11675
9.2744e-02,1.16266,0.121172
9.2808e-02,1.19672,0.123578
9.2872e-02,1.2125,0.127578
9.2936e-02,1.24125,0.131391
9.3000e-02,1.27891,0.134125
9.3064e-02,1.30719,0.139125
9.3128e-02,1.33109,0.143359
9.3192e-02,1.36516,0.145313
9.3256e-02,1.39234,0.148734
9.3320e-02,1.4325,0.151906
9.3384e-02,1.47109,0.156406
9.3448e-02,1.49344,0.158969
9.3512e-02,1.51609,0.162297
9.3576e-02,1.55703,0.165953
9.3640e-02,1.58625,0.167844
9.3704e-02,1.61594,0.172172
9.3768e-02,1.64922,0.174234
9.3832e-02,1.68469,0.176172
9.3896e-02,1.71734,0.177781
9.3960e-02,1.75547,0.182828
9.4024e-02,1.79172,0.183781
9.4088e-02,1.81766,0.187094
9.4152e-02,1.85578,0.188563
9.4216e-02,1.89703,0.19
9.4280e-02,1.94094,0.191172
9.4344e-02,1.98313,0.194469
9.4408e-02,2.03234,0.196047
9.4472e-02,2.08063,0.198
9.4536e-02,2.12219,0.200984
9.4600e-02,2.17656,0.201406
9.4664e-02,2.22563,0.202719
9.4728e-02,2.27016,0.204344
9.4792e-02,2.31719,0.206078
9.4856e-02,2.36859,0.208031
9.4920e-02,2.40828,0.208344
9.4984e-02,2.46109,0.207781
9.5048e-02,2.51141,0.207953
9.5112e-02,2.55656,0.210625
9.5176e-02,2.59453,0.211625
9.5240e-02,2.64109,0.210391
9.5304e-02,2.67563,0.212734
9.5368e-02,2.71188,0.212766
9.5432e-02,2.74656,0.213781
9.5496e-02,2.77203,0.211516
9.5560e-02,2.79797,0.212609
9.5624e-02,2.81563,0.213406
9.5688e-02,2.83656,0.210578
9.5752e-02,2.8525,0.209984
9.5816e-02,2.85203,0.211984
9.5880e-02,2.85031,0.211016
9.5944e-02,2.84516,0.208844
9.6008e-02,2.83656,0.210344
9.6072e-02,2.81313,0.209891
9.6136e-02,2.78828,0.207141
9.6200e-02,2.75672,0.207203
9.6264e-02,2.71859,0.206141
9.6328e-02,2.67188,0.205734
9.6392e-02,2.63563,0.202641
9.6456e-02,2.57922,0.202156
9.6520e-02,2.52984,0.201422
9.6584e-02,2.47625,0.200344
9.6648e-02,2.42109,0.197578
9.6712e-02,2.35734,0.198703
9.6776e-02,2.2925,0.195688
9.6840e-02,2.23016,0.194469
9.6904e-02,2.16563,0.192859
9.6968e-02,2.08859,0.191844
9.7032e-02,2.01953,0.188094
9.7096e-02,1.95313,0.187422
9.7160e-02,1.88297,0.185688
9.7224e-02,1.82922,0.184328
9.7288e-02,1.75906,0.183844
9.7352e-02,1.7025,0.179031
9.7416e-02,1.64109,0.177453
9.7480e-02,1.58453,0.174844
9.7544e-02,1.525,0.173
9.7608e-02,1.46703,0.171906
9.7672e-02,1.40359,0.169563
9.7736e-02,1.35234,0.165891
9.7800e-02,1.29063,0.164375
9.7864e-02,1.23781,0.161063
9.7928e-02,1.18406,0.159703
9.7992e-02,1.13531,0.156703
9.8056e-02,1.08594,0.154469
9.8120e-02,1.03422,0.151203
9.8184e-02,0.987969,0.148844
9.8248e-02,0.946719,0.145688
9.8312e-02,0.9025,0.143438
9.8376e-02,0.84875,0.140734
9.8440e-02,0.807969,0.138625
9.8504e-02,0.760313,0.134266
9.8568e-02,0.717344,0.130813
9.8632e-02,0.680938,0.128875
9.8696e-02,0.636719,0.125063
9.8760e-02,0.591719,0.122688
9.8824e-02,0.554531,0.119313
9.8888e-02,0.512656,0.114359
9.8952e-02,0.47375,0.111859
9.9016e-02,0.431875,0.109844
9.9080e-02,0.403125,0.106188
9.9144e-02,0.36125,0.103141
9.9208e-02,0.324688,0.0985
9.9272e-02,0.28375,0.0958125

